#
# There is insufficient memory for the Java Runtime Environment to continue.
# Native memory allocation (malloc) failed to allocate 2398192 bytes for Chunk::new
# Possible reasons:
#   The system is out of physical RAM or swap space
#   The process is running with CompressedOops enabled, and the Java Heap may be blocking the growth of the native heap
# Possible solutions:
#   Reduce memory load on the system
#   Increase physical memory or swap space
#   Check if swap backing store is full
#   Decrease Java heap size (-Xmx/-Xms)
#   Decrease number of Java threads
#   Decrease Java thread stack sizes (-Xss)
#   Set larger code cache with -XX:ReservedCodeCacheSize=
#   JVM is running with Unscaled Compressed Oops mode in which the Java heap is
#     placed in the first 4GB address space. The Java Heap base address is the
#     maximum limit for the native heap growth. Please use -XX:HeapBaseMinAddress
#     to set the Java Heap base and to place the Java Heap above 4GB virtual address.
# This output file may be truncated or incomplete.
#
#  Out of Memory Error (arena.cpp:189), pid=10800, tid=24428
#
# JRE version: Java(TM) SE Runtime Environment (17.0.12+8) (build 17.0.12+8-LTS-286)
# Java VM: Java HotSpot(TM) 64-Bit Server VM (17.0.12+8-LTS-286, mixed mode, sharing, tiered, compressed oops, compressed class ptrs, g1 gc, windows-amd64)
# No core dump will be written. Minidumps are not enabled by default on client versions of Windows
#

---------------  S U M M A R Y ------------

Command Line: -Djava.awt.headless=true -Djava.library.path=C:\Program Files\Java\jdk-17\bin;C:\WINDOWS\Sun\Java\bin;C:\WINDOWS\system32;C:\WINDOWS;C:\Program Files\Python39\Scripts\;C:\Program Files\Python39\;C:\Program Files\Common Files\Oracle\Java\javapath;C:\Program Files\ImageMagick-7.1.2-Q16-HDRI;C:\WINDOWS\system32;C:\WINDOWS;C:\WINDOWS\System32\Wbem;C:\WINDOWS\System32\WindowsPowerShell\v1.0\;C:\WINDOWS\System32\OpenSSH\;F:\scripts\curl-8.14.1_2-win64-mingw\bin;C:\php;C:\Users\sysqo\AppData\Local\nvm;C:\nvm4w\nodejs;C:\Program Files\Git\cmd;C:\Program Files\dotnet\;C:\Program Files (x86)\Google\Cloud SDK\google-cloud-sdk\bin;C:\Program Files\WinGet\Links;C:\Program Files\edl;C:\Program Files\Amazon\AWSCLIV2\;C:\Program Files\Docker\Docker\resources\bin;C:\Program Files\PowerShell\7\;C:\Users\sysqo\.local\bin;C:\Users\sysqo\AppData\Local\Programs\Python\Python313\Scripts\;C:\Users\sysqo\AppData\Local\Programs\Python\Python313\;C:\Users\sysqo\AppData\Local\Microsoft\WindowsApps;C:\Users\sysqo\AppData\Roaming\Composer\vendor\bin;C:\Users\sysqo\AppData\Local\Programs\Microsoft VS Code\bin;C:\Users\sysqo\.dotnet\tools;C:\Users\sysqo\AppData\Local\Google\Cloud SDK\google-cloud-sdk\bin;C:\Users\sysqo\AppData\Local\Programs\Ollama;.;D:\D backup\My Documents\projects\pantry-organiser\app-ingestion\src\testRelease\jniLibs;D:\D backup\My Documents\projects\pantry-organiser\app-ingestion\src\test\jniLibs -Dorg.gradle.internal.worker.tmpdir=D:\D backup\My Documents\projects\pantry-organiser\app-ingestion\build\tmp\testReleaseUnitTest\work --add-opens=java.base/java.io=ALL-UNNAMED -Xmx512m -Dfile.encoding=UTF-8 -Duser.country=US -Duser.language=en -Duser.variant -ea worker.org.gradle.process.internal.worker.GradleWorkerMain 'Gradle Test Executor 24'

Host: AMD Ryzen 5 2600 Six-Core Processor            , 12 cores, 31G,  Windows 11 , 64 bit Build 26100 (10.0.26100.9168)
Time: Thu Sep  3 09:27:34 2026 GMT Daylight Time elapsed time: 8.186766 seconds (0d 0h 0m 8s)

---------------  T H R E A D  ---------------

Current thread (0x000001e7629e33b0):  JavaThread "C2 CompilerThread0" daemon [_thread_in_native, id=24428, stack(0x000000cb1f900000,0x000000cb1fa00000)]


Current CompileTask:
C2:   8186 1471   !   4       java.io.ObjectOutputStream::writeObject0 (620 bytes)

Stack: [0x000000cb1f900000,0x000000cb1fa00000]
Native frames: (J=compiled Java code, j=interpreted, Vv=VM code, C=native code)
V  [jvm.dll+0x67a04a]
V  [jvm.dll+0x7da4ed]
V  [jvm.dll+0x7dbe33]
V  [jvm.dll+0x7dc4a3]
V  [jvm.dll+0x24508f]
V  [jvm.dll+0xab773]
V  [jvm.dll+0xabd3c]
V  [jvm.dll+0x361bee]
V  [jvm.dll+0x32c431]
V  [jvm.dll+0x32b8ca]
V  [jvm.dll+0x21683f]
V  [jvm.dll+0x215c6f]
V  [jvm.dll+0x1a2960]
V  [jvm.dll+0x22610b]
V  [jvm.dll+0x2242ab]
V  [jvm.dll+0x79075c]
V  [jvm.dll+0x78abea]
V  [jvm.dll+0x678f35]
C  [ucrtbase.dll+0x2cd30]
C  [KERNEL32.DLL+0x2ccb7]
C  [ntdll.dll+0xaad6c]


---------------  P R O C E S S  ---------------

Threads class SMR info:
_java_thread_list=0x000001e767831840, length=13, elements={
0x000001e745a267a0, 0x000001e7629c49b0, 0x000001e7629c7480, 0x000001e7629de8c0,
0x000001e7629df280, 0x000001e7629dfc40, 0x000001e7629e2610, 0x000001e7629e33b0,
0x000001e7629ef370, 0x000001e7629efd70, 0x000001e762bfc820, 0x000001e762bfd510,
0x000001e767d621c0
}

Java Threads: ( => current thread )
  0x000001e745a267a0 JavaThread "Test worker" [_thread_blocked, id=11060, stack(0x000000cb1ec00000,0x000000cb1ed00000)]
  0x000001e7629c49b0 JavaThread "Reference Handler" daemon [_thread_blocked, id=22988, stack(0x000000cb1f300000,0x000000cb1f400000)]
  0x000001e7629c7480 JavaThread "Finalizer" daemon [_thread_blocked, id=23952, stack(0x000000cb1f400000,0x000000cb1f500000)]
  0x000001e7629de8c0 JavaThread "Signal Dispatcher" daemon [_thread_blocked, id=22172, stack(0x000000cb1f500000,0x000000cb1f600000)]
  0x000001e7629df280 JavaThread "Attach Listener" daemon [_thread_blocked, id=25392, stack(0x000000cb1f600000,0x000000cb1f700000)]
  0x000001e7629dfc40 JavaThread "Service Thread" daemon [_thread_blocked, id=9644, stack(0x000000cb1f700000,0x000000cb1f800000)]
  0x000001e7629e2610 JavaThread "Monitor Deflation Thread" daemon [_thread_blocked, id=4184, stack(0x000000cb1f800000,0x000000cb1f900000)]
=>0x000001e7629e33b0 JavaThread "C2 CompilerThread0" daemon [_thread_in_native, id=24428, stack(0x000000cb1f900000,0x000000cb1fa00000)]
  0x000001e7629ef370 JavaThread "C1 CompilerThread0" daemon [_thread_blocked, id=30508, stack(0x000000cb1fa00000,0x000000cb1fb00000)]
  0x000001e7629efd70 JavaThread "Sweeper thread" daemon [_thread_blocked, id=17428, stack(0x000000cb1fb00000,0x000000cb1fc00000)]
  0x000001e762bfc820 JavaThread "Common-Cleaner" daemon [_thread_blocked, id=14308, stack(0x000000cb1fc00000,0x000000cb1fd00000)]
  0x000001e762bfd510 JavaThread "Notification Thread" daemon [_thread_blocked, id=16904, stack(0x000000cb1fd00000,0x000000cb1fe00000)]
  0x000001e767d621c0 JavaThread "C2 CompilerThread1" daemon [_thread_blocked, id=20616, stack(0x000000cb1ff00000,0x000000cb20000000)]

Other Threads:
  0x000001e7629c0f10 VMThread "VM Thread" [stack: 0x000000cb1f200000,0x000000cb1f300000] [id=25524]
  0x000001e747cf1680 WatcherThread [stack: 0x000000cb1fe00000,0x000000cb1ff00000] [id=23056]
  0x000001e747ce3390 GCTaskThread "GC Thread#0" [stack: 0x000000cb1ed00000,0x000000cb1ee00000] [id=23844]
  0x000001e7675e7510 GCTaskThread "GC Thread#1" [stack: 0x000000cb20400000,0x000000cb20500000] [id=31220]
  0x000001e767683cd0 GCTaskThread "GC Thread#2" [stack: 0x000000cb20500000,0x000000cb20600000] [id=11700]
  0x000001e767631350 GCTaskThread "GC Thread#3" [stack: 0x000000cb20600000,0x000000cb20700000] [id=18400]
  0x000001e7678356c0 GCTaskThread "GC Thread#4" [stack: 0x000000cb20700000,0x000000cb20800000] [id=16296]
  0x000001e767b9a010 GCTaskThread "GC Thread#5" [stack: 0x000000cb20800000,0x000000cb20900000] [id=31272]
  0x000001e7677fa230 GCTaskThread "GC Thread#6" [stack: 0x000000cb20900000,0x000000cb20a00000] [id=11436]
  0x000001e7677fa4f0 GCTaskThread "GC Thread#7" [stack: 0x000000cb20a00000,0x000000cb20b00000] [id=27452]
  0x000001e7677fa7b0 GCTaskThread "GC Thread#8" [stack: 0x000000cb20b00000,0x000000cb20c00000] [id=23080]
  0x000001e7677f91b0 GCTaskThread "GC Thread#9" [stack: 0x000000cb20c00000,0x000000cb20d00000] [id=7584]
  0x000001e747ce42b0 ConcurrentGCThread "G1 Main Marker" [stack: 0x000000cb1ee00000,0x000000cb1ef00000] [id=29368]
  0x000001e747ce5990 ConcurrentGCThread "G1 Conc#0" [stack: 0x000000cb1ef00000,0x000000cb1f000000] [id=17684]
  0x000001e747d1e350 ConcurrentGCThread "G1 Refine#0" [stack: 0x000000cb1f000000,0x000000cb1f100000] [id=7292]
  0x000001e767be7be0 ConcurrentGCThread "G1 Refine#1" [stack: 0x000000cb20d00000,0x000000cb20e00000] [id=31480]
  0x000001e76780fd70 ConcurrentGCThread "G1 Refine#2" [stack: 0x000000cb20e00000,0x000000cb20f00000] [id=20868]
  0x000001e747d1ec20 ConcurrentGCThread "G1 Service" [stack: 0x000000cb1f100000,0x000000cb1f200000] [id=30248]

Threads with active compile tasks:
C2 CompilerThread0     8205 1471   !   4       java.io.ObjectOutputStream::writeObject0 (620 bytes)

VM state: not at safepoint (normal execution)

VM Mutex/Monitor currently owned by a thread: None

Heap address: 0x00000000e0000000, size: 512 MB, Compressed Oops mode: 32-bit

CDS archive(s) mapped at: [0x000001e700000000-0x000001e700bd0000-0x000001e700bd0000), size 12386304, SharedBaseAddress: 0x000001e700000000, ArchiveRelocationMode: 1.
Compressed class space mapped at: 0x000001e701000000-0x000001e741000000, reserved size: 1073741824
Narrow klass base: 0x000001e700000000, Narrow klass shift: 0, Narrow klass range: 0x100000000

GC Precious Log:
 CPUs: 12 total, 12 available
 Memory: 32704M
 Large Page Support: Disabled
 NUMA Support: Disabled
 Compressed Oops: Enabled (32-bit)
 Heap Region Size: 1M
 Heap Min Capacity: 8M
 Heap Initial Capacity: 512M
 Heap Max Capacity: 512M
 Pre-touch: Disabled
 Parallel Workers: 10
 Concurrent Workers: 3
 Concurrent Refinement Workers: 10
 Periodic GC: Disabled

Heap:
 garbage-first heap   total 524288K, used 30264K [0x00000000e0000000, 0x0000000100000000)
  region size 1024K, 20 young (20480K), 4 survivors (4096K)
 Metaspace       used 9255K, committed 9472K, reserved 1114112K
  class space    used 1050K, committed 1152K, reserved 1048576K

Heap Regions: E=young(eden), S=young(survivor), O=old, HS=humongous(starts), HC=humongous(continues), CS=collection set, F=free, OA=open archive, CA=closed archive, TAMS=top-at-mark-start (previous, next)
|   0|0x00000000e0000000, 0x00000000e0100000, 0x00000000e0100000|100%|HS|  |TAMS 0x00000000e0000000, 0x00000000e0000000| Complete 
|   1|0x00000000e0100000, 0x00000000e0200000, 0x00000000e0200000|100%|HC|  |TAMS 0x00000000e0100000, 0x00000000e0100000| Complete 
|   2|0x00000000e0200000, 0x00000000e0300000, 0x00000000e0300000|100%|HS|  |TAMS 0x00000000e0200000, 0x00000000e0200000| Complete 
|   3|0x00000000e0300000, 0x00000000e0400000, 0x00000000e0400000|100%|HC|  |TAMS 0x00000000e0300000, 0x00000000e0300000| Complete 
|   4|0x00000000e0400000, 0x00000000e0500000, 0x00000000e0500000|100%| O|  |TAMS 0x00000000e0400000, 0x00000000e0400000| Untracked 
|   5|0x00000000e0500000, 0x00000000e0600000, 0x00000000e0600000|100%| O|  |TAMS 0x00000000e0500000, 0x00000000e0500000| Untracked 
|   6|0x00000000e0600000, 0x00000000e0700000, 0x00000000e0700000|100%| O|  |TAMS 0x00000000e0600000, 0x00000000e0600000| Untracked 
|   7|0x00000000e0700000, 0x00000000e0800000, 0x00000000e0800000|100%| O|  |TAMS 0x00000000e0700000, 0x00000000e0700000| Untracked 
|   8|0x00000000e0800000, 0x00000000e0900000, 0x00000000e0900000|100%| O|  |TAMS 0x00000000e0800000, 0x00000000e0800000| Untracked 
|   9|0x00000000e0900000, 0x00000000e0a00000, 0x00000000e0a00000|100%| O|  |TAMS 0x00000000e0900000, 0x00000000e0900000| Untracked 
|  10|0x00000000e0a00000, 0x00000000e0a8e200, 0x00000000e0b00000| 55%| O|  |TAMS 0x00000000e0a00000, 0x00000000e0a00000| Untracked 
|  11|0x00000000e0b00000, 0x00000000e0c00000, 0x00000000e0c00000|100%|HS|  |TAMS 0x00000000e0b00000, 0x00000000e0b00000| Complete 
|  12|0x00000000e0c00000, 0x00000000e0c00000, 0x00000000e0d00000|  0%| F|  |TAMS 0x00000000e0c00000, 0x00000000e0c00000| Untracked 
|  13|0x00000000e0d00000, 0x00000000e0d00000, 0x00000000e0e00000|  0%| F|  |TAMS 0x00000000e0d00000, 0x00000000e0d00000| Untracked 
|  14|0x00000000e0e00000, 0x00000000e0e00000, 0x00000000e0f00000|  0%| F|  |TAMS 0x00000000e0e00000, 0x00000000e0e00000| Untracked 
|  15|0x00000000e0f00000, 0x00000000e0f00000, 0x00000000e1000000|  0%| F|  |TAMS 0x00000000e0f00000, 0x00000000e0f00000| Untracked 
|  16|0x00000000e1000000, 0x00000000e1000000, 0x00000000e1100000|  0%| F|  |TAMS 0x00000000e1000000, 0x00000000e1000000| Untracked 
|  17|0x00000000e1100000, 0x00000000e1100000, 0x00000000e1200000|  0%| F|  |TAMS 0x00000000e1100000, 0x00000000e1100000| Untracked 
|  18|0x00000000e1200000, 0x00000000e1200000, 0x00000000e1300000|  0%| F|  |TAMS 0x00000000e1200000, 0x00000000e1200000| Untracked 
|  19|0x00000000e1300000, 0x00000000e1300000, 0x00000000e1400000|  0%| F|  |TAMS 0x00000000e1300000, 0x00000000e1300000| Untracked 
|  20|0x00000000e1400000, 0x00000000e1400000, 0x00000000e1500000|  0%| F|  |TAMS 0x00000000e1400000, 0x00000000e1400000| Untracked 
|  21|0x00000000e1500000, 0x00000000e1500000, 0x00000000e1600000|  0%| F|  |TAMS 0x00000000e1500000, 0x00000000e1500000| Untracked 
|  22|0x00000000e1600000, 0x00000000e1600000, 0x00000000e1700000|  0%| F|  |TAMS 0x00000000e1600000, 0x00000000e1600000| Untracked 
|  23|0x00000000e1700000, 0x00000000e1700000, 0x00000000e1800000|  0%| F|  |TAMS 0x00000000e1700000, 0x00000000e1700000| Untracked 
|  24|0x00000000e1800000, 0x00000000e1800000, 0x00000000e1900000|  0%| F|  |TAMS 0x00000000e1800000, 0x00000000e1800000| Untracked 
|  25|0x00000000e1900000, 0x00000000e1900000, 0x00000000e1a00000|  0%| F|  |TAMS 0x00000000e1900000, 0x00000000e1900000| Untracked 
|  26|0x00000000e1a00000, 0x00000000e1a00000, 0x00000000e1b00000|  0%| F|  |TAMS 0x00000000e1a00000, 0x00000000e1a00000| Untracked 
|  27|0x00000000e1b00000, 0x00000000e1b00000, 0x00000000e1c00000|  0%| F|  |TAMS 0x00000000e1b00000, 0x00000000e1b00000| Untracked 
|  28|0x00000000e1c00000, 0x00000000e1c00000, 0x00000000e1d00000|  0%| F|  |TAMS 0x00000000e1c00000, 0x00000000e1c00000| Untracked 
|  29|0x00000000e1d00000, 0x00000000e1d00000, 0x00000000e1e00000|  0%| F|  |TAMS 0x00000000e1d00000, 0x00000000e1d00000| Untracked 
|  30|0x00000000e1e00000, 0x00000000e1e00000, 0x00000000e1f00000|  0%| F|  |TAMS 0x00000000e1e00000, 0x00000000e1e00000| Untracked 
|  31|0x00000000e1f00000, 0x00000000e1f00000, 0x00000000e2000000|  0%| F|  |TAMS 0x00000000e1f00000, 0x00000000e1f00000| Untracked 
|  32|0x00000000e2000000, 0x00000000e2000000, 0x00000000e2100000|  0%| F|  |TAMS 0x00000000e2000000, 0x00000000e2000000| Untracked 
|  33|0x00000000e2100000, 0x00000000e2100000, 0x00000000e2200000|  0%| F|  |TAMS 0x00000000e2100000, 0x00000000e2100000| Untracked 
|  34|0x00000000e2200000, 0x00000000e2200000, 0x00000000e2300000|  0%| F|  |TAMS 0x00000000e2200000, 0x00000000e2200000| Untracked 
|  35|0x00000000e2300000, 0x00000000e2300000, 0x00000000e2400000|  0%| F|  |TAMS 0x00000000e2300000, 0x00000000e2300000| Untracked 
|  36|0x00000000e2400000, 0x00000000e2400000, 0x00000000e2500000|  0%| F|  |TAMS 0x00000000e2400000, 0x00000000e2400000| Untracked 
|  37|0x00000000e2500000, 0x00000000e2500000, 0x00000000e2600000|  0%| F|  |TAMS 0x00000000e2500000, 0x00000000e2500000| Untracked 
|  38|0x00000000e2600000, 0x00000000e2600000, 0x00000000e2700000|  0%| F|  |TAMS 0x00000000e2600000, 0x00000000e2600000| Untracked 
|  39|0x00000000e2700000, 0x00000000e2700000, 0x00000000e2800000|  0%| F|  |TAMS 0x00000000e2700000, 0x00000000e2700000| Untracked 
|  40|0x00000000e2800000, 0x00000000e2800000, 0x00000000e2900000|  0%| F|  |TAMS 0x00000000e2800000, 0x00000000e2800000| Untracked 
|  41|0x00000000e2900000, 0x00000000e2900000, 0x00000000e2a00000|  0%| F|  |TAMS 0x00000000e2900000, 0x00000000e2900000| Untracked 
|  42|0x00000000e2a00000, 0x00000000e2a00000, 0x00000000e2b00000|  0%| F|  |TAMS 0x00000000e2a00000, 0x00000000e2a00000| Untracked 
|  43|0x00000000e2b00000, 0x00000000e2b00000, 0x00000000e2c00000|  0%| F|  |TAMS 0x00000000e2b00000, 0x00000000e2b00000| Untracked 
|  44|0x00000000e2c00000, 0x00000000e2c00000, 0x00000000e2d00000|  0%| F|  |TAMS 0x00000000e2c00000, 0x00000000e2c00000| Untracked 
|  45|0x00000000e2d00000, 0x00000000e2d00000, 0x00000000e2e00000|  0%| F|  |TAMS 0x00000000e2d00000, 0x00000000e2d00000| Untracked 
|  46|0x00000000e2e00000, 0x00000000e2e00000, 0x00000000e2f00000|  0%| F|  |TAMS 0x00000000e2e00000, 0x00000000e2e00000| Untracked 
|  47|0x00000000e2f00000, 0x00000000e2f00000, 0x00000000e3000000|  0%| F|  |TAMS 0x00000000e2f00000, 0x00000000e2f00000| Untracked 
|  48|0x00000000e3000000, 0x00000000e3000000, 0x00000000e3100000|  0%| F|  |TAMS 0x00000000e3000000, 0x00000000e3000000| Untracked 
|  49|0x00000000e3100000, 0x00000000e3100000, 0x00000000e3200000|  0%| F|  |TAMS 0x00000000e3100000, 0x00000000e3100000| Untracked 
|  50|0x00000000e3200000, 0x00000000e3200000, 0x00000000e3300000|  0%| F|  |TAMS 0x00000000e3200000, 0x00000000e3200000| Untracked 
|  51|0x00000000e3300000, 0x00000000e3300000, 0x00000000e3400000|  0%| F|  |TAMS 0x00000000e3300000, 0x00000000e3300000| Untracked 
|  52|0x00000000e3400000, 0x00000000e3400000, 0x00000000e3500000|  0%| F|  |TAMS 0x00000000e3400000, 0x00000000e3400000| Untracked 
|  53|0x00000000e3500000, 0x00000000e3500000, 0x00000000e3600000|  0%| F|  |TAMS 0x00000000e3500000, 0x00000000e3500000| Untracked 
|  54|0x00000000e3600000, 0x00000000e3600000, 0x00000000e3700000|  0%| F|  |TAMS 0x00000000e3600000, 0x00000000e3600000| Untracked 
|  55|0x00000000e3700000, 0x00000000e3700000, 0x00000000e3800000|  0%| F|  |TAMS 0x00000000e3700000, 0x00000000e3700000| Untracked 
|  56|0x00000000e3800000, 0x00000000e3800000, 0x00000000e3900000|  0%| F|  |TAMS 0x00000000e3800000, 0x00000000e3800000| Untracked 
|  57|0x00000000e3900000, 0x00000000e3900000, 0x00000000e3a00000|  0%| F|  |TAMS 0x00000000e3900000, 0x00000000e3900000| Untracked 
|  58|0x00000000e3a00000, 0x00000000e3a00000, 0x00000000e3b00000|  0%| F|  |TAMS 0x00000000e3a00000, 0x00000000e3a00000| Untracked 
|  59|0x00000000e3b00000, 0x00000000e3b00000, 0x00000000e3c00000|  0%| F|  |TAMS 0x00000000e3b00000, 0x00000000e3b00000| Untracked 
|  60|0x00000000e3c00000, 0x00000000e3c00000, 0x00000000e3d00000|  0%| F|  |TAMS 0x00000000e3c00000, 0x00000000e3c00000| Untracked 
|  61|0x00000000e3d00000, 0x00000000e3d00000, 0x00000000e3e00000|  0%| F|  |TAMS 0x00000000e3d00000, 0x00000000e3d00000| Untracked 
|  62|0x00000000e3e00000, 0x00000000e3e00000, 0x00000000e3f00000|  0%| F|  |TAMS 0x00000000e3e00000, 0x00000000e3e00000| Untracked 
|  63|0x00000000e3f00000, 0x00000000e3f00000, 0x00000000e4000000|  0%| F|  |TAMS 0x00000000e3f00000, 0x00000000e3f00000| Untracked 
|  64|0x00000000e4000000, 0x00000000e4000000, 0x00000000e4100000|  0%| F|  |TAMS 0x00000000e4000000, 0x00000000e4000000| Untracked 
|  65|0x00000000e4100000, 0x00000000e4100000, 0x00000000e4200000|  0%| F|  |TAMS 0x00000000e4100000, 0x00000000e4100000| Untracked 
|  66|0x00000000e4200000, 0x00000000e4200000, 0x00000000e4300000|  0%| F|  |TAMS 0x00000000e4200000, 0x00000000e4200000| Untracked 
|  67|0x00000000e4300000, 0x00000000e4300000, 0x00000000e4400000|  0%| F|  |TAMS 0x00000000e4300000, 0x00000000e4300000| Untracked 
|  68|0x00000000e4400000, 0x00000000e4400000, 0x00000000e4500000|  0%| F|  |TAMS 0x00000000e4400000, 0x00000000e4400000| Untracked 
|  69|0x00000000e4500000, 0x00000000e4500000, 0x00000000e4600000|  0%| F|  |TAMS 0x00000000e4500000, 0x00000000e4500000| Untracked 
|  70|0x00000000e4600000, 0x00000000e4600000, 0x00000000e4700000|  0%| F|  |TAMS 0x00000000e4600000, 0x00000000e4600000| Untracked 
|  71|0x00000000e4700000, 0x00000000e4700000, 0x00000000e4800000|  0%| F|  |TAMS 0x00000000e4700000, 0x00000000e4700000| Untracked 
|  72|0x00000000e4800000, 0x00000000e4800000, 0x00000000e4900000|  0%| F|  |TAMS 0x00000000e4800000, 0x00000000e4800000| Untracked 
|  73|0x00000000e4900000, 0x00000000e4900000, 0x00000000e4a00000|  0%| F|  |TAMS 0x00000000e4900000, 0x00000000e4900000| Untracked 
|  74|0x00000000e4a00000, 0x00000000e4a00000, 0x00000000e4b00000|  0%| F|  |TAMS 0x00000000e4a00000, 0x00000000e4a00000| Untracked 
|  75|0x00000000e4b00000, 0x00000000e4b00000, 0x00000000e4c00000|  0%| F|  |TAMS 0x00000000e4b00000, 0x00000000e4b00000| Untracked 
|  76|0x00000000e4c00000, 0x00000000e4c00000, 0x00000000e4d00000|  0%| F|  |TAMS 0x00000000e4c00000, 0x00000000e4c00000| Untracked 
|  77|0x00000000e4d00000, 0x00000000e4d00000, 0x00000000e4e00000|  0%| F|  |TAMS 0x00000000e4d00000, 0x00000000e4d00000| Untracked 
|  78|0x00000000e4e00000, 0x00000000e4e00000, 0x00000000e4f00000|  0%| F|  |TAMS 0x00000000e4e00000, 0x00000000e4e00000| Untracked 
|  79|0x00000000e4f00000, 0x00000000e4f00000, 0x00000000e5000000|  0%| F|  |TAMS 0x00000000e4f00000, 0x00000000e4f00000| Untracked 
|  80|0x00000000e5000000, 0x00000000e5000000, 0x00000000e5100000|  0%| F|  |TAMS 0x00000000e5000000, 0x00000000e5000000| Untracked 
|  81|0x00000000e5100000, 0x00000000e5100000, 0x00000000e5200000|  0%| F|  |TAMS 0x00000000e5100000, 0x00000000e5100000| Untracked 
|  82|0x00000000e5200000, 0x00000000e5200000, 0x00000000e5300000|  0%| F|  |TAMS 0x00000000e5200000, 0x00000000e5200000| Untracked 
|  83|0x00000000e5300000, 0x00000000e5300000, 0x00000000e5400000|  0%| F|  |TAMS 0x00000000e5300000, 0x00000000e5300000| Untracked 
|  84|0x00000000e5400000, 0x00000000e5400000, 0x00000000e5500000|  0%| F|  |TAMS 0x00000000e5400000, 0x00000000e5400000| Untracked 
|  85|0x00000000e5500000, 0x00000000e5500000, 0x00000000e5600000|  0%| F|  |TAMS 0x00000000e5500000, 0x00000000e5500000| Untracked 
|  86|0x00000000e5600000, 0x00000000e5600000, 0x00000000e5700000|  0%| F|  |TAMS 0x00000000e5600000, 0x00000000e5600000| Untracked 
|  87|0x00000000e5700000, 0x00000000e5700000, 0x00000000e5800000|  0%| F|  |TAMS 0x00000000e5700000, 0x00000000e5700000| Untracked 
|  88|0x00000000e5800000, 0x00000000e5800000, 0x00000000e5900000|  0%| F|  |TAMS 0x00000000e5800000, 0x00000000e5800000| Untracked 
|  89|0x00000000e5900000, 0x00000000e5900000, 0x00000000e5a00000|  0%| F|  |TAMS 0x00000000e5900000, 0x00000000e5900000| Untracked 
|  90|0x00000000e5a00000, 0x00000000e5a00000, 0x00000000e5b00000|  0%| F|  |TAMS 0x00000000e5a00000, 0x00000000e5a00000| Untracked 
|  91|0x00000000e5b00000, 0x00000000e5b00000, 0x00000000e5c00000|  0%| F|  |TAMS 0x00000000e5b00000, 0x00000000e5b00000| Untracked 
|  92|0x00000000e5c00000, 0x00000000e5c00000, 0x00000000e5d00000|  0%| F|  |TAMS 0x00000000e5c00000, 0x00000000e5c00000| Untracked 
|  93|0x00000000e5d00000, 0x00000000e5d00000, 0x00000000e5e00000|  0%| F|  |TAMS 0x00000000e5d00000, 0x00000000e5d00000| Untracked 
|  94|0x00000000e5e00000, 0x00000000e5e00000, 0x00000000e5f00000|  0%| F|  |TAMS 0x00000000e5e00000, 0x00000000e5e00000| Untracked 
|  95|0x00000000e5f00000, 0x00000000e5f00000, 0x00000000e6000000|  0%| F|  |TAMS 0x00000000e5f00000, 0x00000000e5f00000| Untracked 
|  96|0x00000000e6000000, 0x00000000e6000000, 0x00000000e6100000|  0%| F|  |TAMS 0x00000000e6000000, 0x00000000e6000000| Untracked 
|  97|0x00000000e6100000, 0x00000000e6100000, 0x00000000e6200000|  0%| F|  |TAMS 0x00000000e6100000, 0x00000000e6100000| Untracked 
|  98|0x00000000e6200000, 0x00000000e6200000, 0x00000000e6300000|  0%| F|  |TAMS 0x00000000e6200000, 0x00000000e6200000| Untracked 
|  99|0x00000000e6300000, 0x00000000e6300000, 0x00000000e6400000|  0%| F|  |TAMS 0x00000000e6300000, 0x00000000e6300000| Untracked 
| 100|0x00000000e6400000, 0x00000000e6400000, 0x00000000e6500000|  0%| F|  |TAMS 0x00000000e6400000, 0x00000000e6400000| Untracked 
| 101|0x00000000e6500000, 0x00000000e6500000, 0x00000000e6600000|  0%| F|  |TAMS 0x00000000e6500000, 0x00000000e6500000| Untracked 
| 102|0x00000000e6600000, 0x00000000e6600000, 0x00000000e6700000|  0%| F|  |TAMS 0x00000000e6600000, 0x00000000e6600000| Untracked 
| 103|0x00000000e6700000, 0x00000000e6700000, 0x00000000e6800000|  0%| F|  |TAMS 0x00000000e6700000, 0x00000000e6700000| Untracked 
| 104|0x00000000e6800000, 0x00000000e6800000, 0x00000000e6900000|  0%| F|  |TAMS 0x00000000e6800000, 0x00000000e6800000| Untracked 
| 105|0x00000000e6900000, 0x00000000e6900000, 0x00000000e6a00000|  0%| F|  |TAMS 0x00000000e6900000, 0x00000000e6900000| Untracked 
| 106|0x00000000e6a00000, 0x00000000e6a00000, 0x00000000e6b00000|  0%| F|  |TAMS 0x00000000e6a00000, 0x00000000e6a00000| Untracked 
| 107|0x00000000e6b00000, 0x00000000e6b00000, 0x00000000e6c00000|  0%| F|  |TAMS 0x00000000e6b00000, 0x00000000e6b00000| Untracked 
| 108|0x00000000e6c00000, 0x00000000e6c00000, 0x00000000e6d00000|  0%| F|  |TAMS 0x00000000e6c00000, 0x00000000e6c00000| Untracked 
| 109|0x00000000e6d00000, 0x00000000e6d00000, 0x00000000e6e00000|  0%| F|  |TAMS 0x00000000e6d00000, 0x00000000e6d00000| Untracked 
| 110|0x00000000e6e00000, 0x00000000e6e00000, 0x00000000e6f00000|  0%| F|  |TAMS 0x00000000e6e00000, 0x00000000e6e00000| Untracked 
| 111|0x00000000e6f00000, 0x00000000e6f00000, 0x00000000e7000000|  0%| F|  |TAMS 0x00000000e6f00000, 0x00000000e6f00000| Untracked 
| 112|0x00000000e7000000, 0x00000000e7000000, 0x00000000e7100000|  0%| F|  |TAMS 0x00000000e7000000, 0x00000000e7000000| Untracked 
| 113|0x00000000e7100000, 0x00000000e7100000, 0x00000000e7200000|  0%| F|  |TAMS 0x00000000e7100000, 0x00000000e7100000| Untracked 
| 114|0x00000000e7200000, 0x00000000e7200000, 0x00000000e7300000|  0%| F|  |TAMS 0x00000000e7200000, 0x00000000e7200000| Untracked 
| 115|0x00000000e7300000, 0x00000000e7300000, 0x00000000e7400000|  0%| F|  |TAMS 0x00000000e7300000, 0x00000000e7300000| Untracked 
| 116|0x00000000e7400000, 0x00000000e7400000, 0x00000000e7500000|  0%| F|  |TAMS 0x00000000e7400000, 0x00000000e7400000| Untracked 
| 117|0x00000000e7500000, 0x00000000e7500000, 0x00000000e7600000|  0%| F|  |TAMS 0x00000000e7500000, 0x00000000e7500000| Untracked 
| 118|0x00000000e7600000, 0x00000000e7600000, 0x00000000e7700000|  0%| F|  |TAMS 0x00000000e7600000, 0x00000000e7600000| Untracked 
| 119|0x00000000e7700000, 0x00000000e7700000, 0x00000000e7800000|  0%| F|  |TAMS 0x00000000e7700000, 0x00000000e7700000| Untracked 
| 120|0x00000000e7800000, 0x00000000e7800000, 0x00000000e7900000|  0%| F|  |TAMS 0x00000000e7800000, 0x00000000e7800000| Untracked 
| 121|0x00000000e7900000, 0x00000000e7900000, 0x00000000e7a00000|  0%| F|  |TAMS 0x00000000e7900000, 0x00000000e7900000| Untracked 
| 122|0x00000000e7a00000, 0x00000000e7a00000, 0x00000000e7b00000|  0%| F|  |TAMS 0x00000000e7a00000, 0x00000000e7a00000| Untracked 
| 123|0x00000000e7b00000, 0x00000000e7b00000, 0x00000000e7c00000|  0%| F|  |TAMS 0x00000000e7b00000, 0x00000000e7b00000| Untracked 
| 124|0x00000000e7c00000, 0x00000000e7c00000, 0x00000000e7d00000|  0%| F|  |TAMS 0x00000000e7c00000, 0x00000000e7c00000| Untracked 
| 125|0x00000000e7d00000, 0x00000000e7d00000, 0x00000000e7e00000|  0%| F|  |TAMS 0x00000000e7d00000, 0x00000000e7d00000| Untracked 
| 126|0x00000000e7e00000, 0x00000000e7e00000, 0x00000000e7f00000|  0%| F|  |TAMS 0x00000000e7e00000, 0x00000000e7e00000| Untracked 
| 127|0x00000000e7f00000, 0x00000000e7f00000, 0x00000000e8000000|  0%| F|  |TAMS 0x00000000e7f00000, 0x00000000e7f00000| Untracked 
| 128|0x00000000e8000000, 0x00000000e8000000, 0x00000000e8100000|  0%| F|  |TAMS 0x00000000e8000000, 0x00000000e8000000| Untracked 
| 129|0x00000000e8100000, 0x00000000e8100000, 0x00000000e8200000|  0%| F|  |TAMS 0x00000000e8100000, 0x00000000e8100000| Untracked 
| 130|0x00000000e8200000, 0x00000000e8200000, 0x00000000e8300000|  0%| F|  |TAMS 0x00000000e8200000, 0x00000000e8200000| Untracked 
| 131|0x00000000e8300000, 0x00000000e8300000, 0x00000000e8400000|  0%| F|  |TAMS 0x00000000e8300000, 0x00000000e8300000| Untracked 
| 132|0x00000000e8400000, 0x00000000e8400000, 0x00000000e8500000|  0%| F|  |TAMS 0x00000000e8400000, 0x00000000e8400000| Untracked 
| 133|0x00000000e8500000, 0x00000000e8500000, 0x00000000e8600000|  0%| F|  |TAMS 0x00000000e8500000, 0x00000000e8500000| Untracked 
| 134|0x00000000e8600000, 0x00000000e8600000, 0x00000000e8700000|  0%| F|  |TAMS 0x00000000e8600000, 0x00000000e8600000| Untracked 
| 135|0x00000000e8700000, 0x00000000e8700000, 0x00000000e8800000|  0%| F|  |TAMS 0x00000000e8700000, 0x00000000e8700000| Untracked 
| 136|0x00000000e8800000, 0x00000000e8800000, 0x00000000e8900000|  0%| F|  |TAMS 0x00000000e8800000, 0x00000000e8800000| Untracked 
| 137|0x00000000e8900000, 0x00000000e8900000, 0x00000000e8a00000|  0%| F|  |TAMS 0x00000000e8900000, 0x00000000e8900000| Untracked 
| 138|0x00000000e8a00000, 0x00000000e8a00000, 0x00000000e8b00000|  0%| F|  |TAMS 0x00000000e8a00000, 0x00000000e8a00000| Untracked 
| 139|0x00000000e8b00000, 0x00000000e8b00000, 0x00000000e8c00000|  0%| F|  |TAMS 0x00000000e8b00000, 0x00000000e8b00000| Untracked 
| 140|0x00000000e8c00000, 0x00000000e8c00000, 0x00000000e8d00000|  0%| F|  |TAMS 0x00000000e8c00000, 0x00000000e8c00000| Untracked 
| 141|0x00000000e8d00000, 0x00000000e8d00000, 0x00000000e8e00000|  0%| F|  |TAMS 0x00000000e8d00000, 0x00000000e8d00000| Untracked 
| 142|0x00000000e8e00000, 0x00000000e8e00000, 0x00000000e8f00000|  0%| F|  |TAMS 0x00000000e8e00000, 0x00000000e8e00000| Untracked 
| 143|0x00000000e8f00000, 0x00000000e8f00000, 0x00000000e9000000|  0%| F|  |TAMS 0x00000000e8f00000, 0x00000000e8f00000| Untracked 
| 144|0x00000000e9000000, 0x00000000e9000000, 0x00000000e9100000|  0%| F|  |TAMS 0x00000000e9000000, 0x00000000e9000000| Untracked 
| 145|0x00000000e9100000, 0x00000000e9100000, 0x00000000e9200000|  0%| F|  |TAMS 0x00000000e9100000, 0x00000000e9100000| Untracked 
| 146|0x00000000e9200000, 0x00000000e9200000, 0x00000000e9300000|  0%| F|  |TAMS 0x00000000e9200000, 0x00000000e9200000| Untracked 
| 147|0x00000000e9300000, 0x00000000e9300000, 0x00000000e9400000|  0%| F|  |TAMS 0x00000000e9300000, 0x00000000e9300000| Untracked 
| 148|0x00000000e9400000, 0x00000000e9400000, 0x00000000e9500000|  0%| F|  |TAMS 0x00000000e9400000, 0x00000000e9400000| Untracked 
| 149|0x00000000e9500000, 0x00000000e9500000, 0x00000000e9600000|  0%| F|  |TAMS 0x00000000e9500000, 0x00000000e9500000| Untracked 
| 150|0x00000000e9600000, 0x00000000e9600000, 0x00000000e9700000|  0%| F|  |TAMS 0x00000000e9600000, 0x00000000e9600000| Untracked 
| 151|0x00000000e9700000, 0x00000000e9700000, 0x00000000e9800000|  0%| F|  |TAMS 0x00000000e9700000, 0x00000000e9700000| Untracked 
| 152|0x00000000e9800000, 0x00000000e9800000, 0x00000000e9900000|  0%| F|  |TAMS 0x00000000e9800000, 0x00000000e9800000| Untracked 
| 153|0x00000000e9900000, 0x00000000e9900000, 0x00000000e9a00000|  0%| F|  |TAMS 0x00000000e9900000, 0x00000000e9900000| Untracked 
| 154|0x00000000e9a00000, 0x00000000e9a00000, 0x00000000e9b00000|  0%| F|  |TAMS 0x00000000e9a00000, 0x00000000e9a00000| Untracked 
| 155|0x00000000e9b00000, 0x00000000e9b00000, 0x00000000e9c00000|  0%| F|  |TAMS 0x00000000e9b00000, 0x00000000e9b00000| Untracked 
| 156|0x00000000e9c00000, 0x00000000e9c00000, 0x00000000e9d00000|  0%| F|  |TAMS 0x00000000e9c00000, 0x00000000e9c00000| Untracked 
| 157|0x00000000e9d00000, 0x00000000e9d00000, 0x00000000e9e00000|  0%| F|  |TAMS 0x00000000e9d00000, 0x00000000e9d00000| Untracked 
| 158|0x00000000e9e00000, 0x00000000e9e00000, 0x00000000e9f00000|  0%| F|  |TAMS 0x00000000e9e00000, 0x00000000e9e00000| Untracked 
| 159|0x00000000e9f00000, 0x00000000e9f00000, 0x00000000ea000000|  0%| F|  |TAMS 0x00000000e9f00000, 0x00000000e9f00000| Untracked 
| 160|0x00000000ea000000, 0x00000000ea000000, 0x00000000ea100000|  0%| F|  |TAMS 0x00000000ea000000, 0x00000000ea000000| Untracked 
| 161|0x00000000ea100000, 0x00000000ea100000, 0x00000000ea200000|  0%| F|  |TAMS 0x00000000ea100000, 0x00000000ea100000| Untracked 
| 162|0x00000000ea200000, 0x00000000ea200000, 0x00000000ea300000|  0%| F|  |TAMS 0x00000000ea200000, 0x00000000ea200000| Untracked 
| 163|0x00000000ea300000, 0x00000000ea300000, 0x00000000ea400000|  0%| F|  |TAMS 0x00000000ea300000, 0x00000000ea300000| Untracked 
| 164|0x00000000ea400000, 0x00000000ea400000, 0x00000000ea500000|  0%| F|  |TAMS 0x00000000ea400000, 0x00000000ea400000| Untracked 
| 165|0x00000000ea500000, 0x00000000ea500000, 0x00000000ea600000|  0%| F|  |TAMS 0x00000000ea500000, 0x00000000ea500000| Untracked 
| 166|0x00000000ea600000, 0x00000000ea600000, 0x00000000ea700000|  0%| F|  |TAMS 0x00000000ea600000, 0x00000000ea600000| Untracked 
| 167|0x00000000ea700000, 0x00000000ea700000, 0x00000000ea800000|  0%| F|  |TAMS 0x00000000ea700000, 0x00000000ea700000| Untracked 
| 168|0x00000000ea800000, 0x00000000ea800000, 0x00000000ea900000|  0%| F|  |TAMS 0x00000000ea800000, 0x00000000ea800000| Untracked 
| 169|0x00000000ea900000, 0x00000000ea900000, 0x00000000eaa00000|  0%| F|  |TAMS 0x00000000ea900000, 0x00000000ea900000| Untracked 
| 170|0x00000000eaa00000, 0x00000000eaa00000, 0x00000000eab00000|  0%| F|  |TAMS 0x00000000eaa00000, 0x00000000eaa00000| Untracked 
| 171|0x00000000eab00000, 0x00000000eab00000, 0x00000000eac00000|  0%| F|  |TAMS 0x00000000eab00000, 0x00000000eab00000| Untracked 
| 172|0x00000000eac00000, 0x00000000eac00000, 0x00000000ead00000|  0%| F|  |TAMS 0x00000000eac00000, 0x00000000eac00000| Untracked 
| 173|0x00000000ead00000, 0x00000000ead00000, 0x00000000eae00000|  0%| F|  |TAMS 0x00000000ead00000, 0x00000000ead00000| Untracked 
| 174|0x00000000eae00000, 0x00000000eae00000, 0x00000000eaf00000|  0%| F|  |TAMS 0x00000000eae00000, 0x00000000eae00000| Untracked 
| 175|0x00000000eaf00000, 0x00000000eaf00000, 0x00000000eb000000|  0%| F|  |TAMS 0x00000000eaf00000, 0x00000000eaf00000| Untracked 
| 176|0x00000000eb000000, 0x00000000eb000000, 0x00000000eb100000|  0%| F|  |TAMS 0x00000000eb000000, 0x00000000eb000000| Untracked 
| 177|0x00000000eb100000, 0x00000000eb100000, 0x00000000eb200000|  0%| F|  |TAMS 0x00000000eb100000, 0x00000000eb100000| Untracked 
| 178|0x00000000eb200000, 0x00000000eb200000, 0x00000000eb300000|  0%| F|  |TAMS 0x00000000eb200000, 0x00000000eb200000| Untracked 
| 179|0x00000000eb300000, 0x00000000eb300000, 0x00000000eb400000|  0%| F|  |TAMS 0x00000000eb300000, 0x00000000eb300000| Untracked 
| 180|0x00000000eb400000, 0x00000000eb400000, 0x00000000eb500000|  0%| F|  |TAMS 0x00000000eb400000, 0x00000000eb400000| Untracked 
| 181|0x00000000eb500000, 0x00000000eb500000, 0x00000000eb600000|  0%| F|  |TAMS 0x00000000eb500000, 0x00000000eb500000| Untracked 
| 182|0x00000000eb600000, 0x00000000eb600000, 0x00000000eb700000|  0%| F|  |TAMS 0x00000000eb600000, 0x00000000eb600000| Untracked 
| 183|0x00000000eb700000, 0x00000000eb700000, 0x00000000eb800000|  0%| F|  |TAMS 0x00000000eb700000, 0x00000000eb700000| Untracked 
| 184|0x00000000eb800000, 0x00000000eb800000, 0x00000000eb900000|  0%| F|  |TAMS 0x00000000eb800000, 0x00000000eb800000| Untracked 
| 185|0x00000000eb900000, 0x00000000eb900000, 0x00000000eba00000|  0%| F|  |TAMS 0x00000000eb900000, 0x00000000eb900000| Untracked 
| 186|0x00000000eba00000, 0x00000000eba00000, 0x00000000ebb00000|  0%| F|  |TAMS 0x00000000eba00000, 0x00000000eba00000| Untracked 
| 187|0x00000000ebb00000, 0x00000000ebb00000, 0x00000000ebc00000|  0%| F|  |TAMS 0x00000000ebb00000, 0x00000000ebb00000| Untracked 
| 188|0x00000000ebc00000, 0x00000000ebc00000, 0x00000000ebd00000|  0%| F|  |TAMS 0x00000000ebc00000, 0x00000000ebc00000| Untracked 
| 189|0x00000000ebd00000, 0x00000000ebd00000, 0x00000000ebe00000|  0%| F|  |TAMS 0x00000000ebd00000, 0x00000000ebd00000| Untracked 
| 190|0x00000000ebe00000, 0x00000000ebe00000, 0x00000000ebf00000|  0%| F|  |TAMS 0x00000000ebe00000, 0x00000000ebe00000| Untracked 
| 191|0x00000000ebf00000, 0x00000000ebf00000, 0x00000000ec000000|  0%| F|  |TAMS 0x00000000ebf00000, 0x00000000ebf00000| Untracked 
| 192|0x00000000ec000000, 0x00000000ec000000, 0x00000000ec100000|  0%| F|  |TAMS 0x00000000ec000000, 0x00000000ec000000| Untracked 
| 193|0x00000000ec100000, 0x00000000ec100000, 0x00000000ec200000|  0%| F|  |TAMS 0x00000000ec100000, 0x00000000ec100000| Untracked 
| 194|0x00000000ec200000, 0x00000000ec200000, 0x00000000ec300000|  0%| F|  |TAMS 0x00000000ec200000, 0x00000000ec200000| Untracked 
| 195|0x00000000ec300000, 0x00000000ec300000, 0x00000000ec400000|  0%| F|  |TAMS 0x00000000ec300000, 0x00000000ec300000| Untracked 
| 196|0x00000000ec400000, 0x00000000ec400000, 0x00000000ec500000|  0%| F|  |TAMS 0x00000000ec400000, 0x00000000ec400000| Untracked 
| 197|0x00000000ec500000, 0x00000000ec500000, 0x00000000ec600000|  0%| F|  |TAMS 0x00000000ec500000, 0x00000000ec500000| Untracked 
| 198|0x00000000ec600000, 0x00000000ec600000, 0x00000000ec700000|  0%| F|  |TAMS 0x00000000ec600000, 0x00000000ec600000| Untracked 
| 199|0x00000000ec700000, 0x00000000ec700000, 0x00000000ec800000|  0%| F|  |TAMS 0x00000000ec700000, 0x00000000ec700000| Untracked 
| 200|0x00000000ec800000, 0x00000000ec800000, 0x00000000ec900000|  0%| F|  |TAMS 0x00000000ec800000, 0x00000000ec800000| Untracked 
| 201|0x00000000ec900000, 0x00000000ec900000, 0x00000000eca00000|  0%| F|  |TAMS 0x00000000ec900000, 0x00000000ec900000| Untracked 
| 202|0x00000000eca00000, 0x00000000eca00000, 0x00000000ecb00000|  0%| F|  |TAMS 0x00000000eca00000, 0x00000000eca00000| Untracked 
| 203|0x00000000ecb00000, 0x00000000ecb00000, 0x00000000ecc00000|  0%| F|  |TAMS 0x00000000ecb00000, 0x00000000ecb00000| Untracked 
| 204|0x00000000ecc00000, 0x00000000ecc00000, 0x00000000ecd00000|  0%| F|  |TAMS 0x00000000ecc00000, 0x00000000ecc00000| Untracked 
| 205|0x00000000ecd00000, 0x00000000ecd00000, 0x00000000ece00000|  0%| F|  |TAMS 0x00000000ecd00000, 0x00000000ecd00000| Untracked 
| 206|0x00000000ece00000, 0x00000000ece00000, 0x00000000ecf00000|  0%| F|  |TAMS 0x00000000ece00000, 0x00000000ece00000| Untracked 
| 207|0x00000000ecf00000, 0x00000000ecf00000, 0x00000000ed000000|  0%| F|  |TAMS 0x00000000ecf00000, 0x00000000ecf00000| Untracked 
| 208|0x00000000ed000000, 0x00000000ed000000, 0x00000000ed100000|  0%| F|  |TAMS 0x00000000ed000000, 0x00000000ed000000| Untracked 
| 209|0x00000000ed100000, 0x00000000ed100000, 0x00000000ed200000|  0%| F|  |TAMS 0x00000000ed100000, 0x00000000ed100000| Untracked 
| 210|0x00000000ed200000, 0x00000000ed200000, 0x00000000ed300000|  0%| F|  |TAMS 0x00000000ed200000, 0x00000000ed200000| Untracked 
| 211|0x00000000ed300000, 0x00000000ed300000, 0x00000000ed400000|  0%| F|  |TAMS 0x00000000ed300000, 0x00000000ed300000| Untracked 
| 212|0x00000000ed400000, 0x00000000ed400000, 0x00000000ed500000|  0%| F|  |TAMS 0x00000000ed400000, 0x00000000ed400000| Untracked 
| 213|0x00000000ed500000, 0x00000000ed500000, 0x00000000ed600000|  0%| F|  |TAMS 0x00000000ed500000, 0x00000000ed500000| Untracked 
| 214|0x00000000ed600000, 0x00000000ed600000, 0x00000000ed700000|  0%| F|  |TAMS 0x00000000ed600000, 0x00000000ed600000| Untracked 
| 215|0x00000000ed700000, 0x00000000ed700000, 0x00000000ed800000|  0%| F|  |TAMS 0x00000000ed700000, 0x00000000ed700000| Untracked 
| 216|0x00000000ed800000, 0x00000000ed800000, 0x00000000ed900000|  0%| F|  |TAMS 0x00000000ed800000, 0x00000000ed800000| Untracked 
| 217|0x00000000ed900000, 0x00000000ed900000, 0x00000000eda00000|  0%| F|  |TAMS 0x00000000ed900000, 0x00000000ed900000| Untracked 
| 218|0x00000000eda00000, 0x00000000eda00000, 0x00000000edb00000|  0%| F|  |TAMS 0x00000000eda00000, 0x00000000eda00000| Untracked 
| 219|0x00000000edb00000, 0x00000000edb00000, 0x00000000edc00000|  0%| F|  |TAMS 0x00000000edb00000, 0x00000000edb00000| Untracked 
| 220|0x00000000edc00000, 0x00000000edc00000, 0x00000000edd00000|  0%| F|  |TAMS 0x00000000edc00000, 0x00000000edc00000| Untracked 
| 221|0x00000000edd00000, 0x00000000edd00000, 0x00000000ede00000|  0%| F|  |TAMS 0x00000000edd00000, 0x00000000edd00000| Untracked 
| 222|0x00000000ede00000, 0x00000000ede00000, 0x00000000edf00000|  0%| F|  |TAMS 0x00000000ede00000, 0x00000000ede00000| Untracked 
| 223|0x00000000edf00000, 0x00000000edf00000, 0x00000000ee000000|  0%| F|  |TAMS 0x00000000edf00000, 0x00000000edf00000| Untracked 
| 224|0x00000000ee000000, 0x00000000ee000000, 0x00000000ee100000|  0%| F|  |TAMS 0x00000000ee000000, 0x00000000ee000000| Untracked 
| 225|0x00000000ee100000, 0x00000000ee100000, 0x00000000ee200000|  0%| F|  |TAMS 0x00000000ee100000, 0x00000000ee100000| Untracked 
| 226|0x00000000ee200000, 0x00000000ee200000, 0x00000000ee300000|  0%| F|  |TAMS 0x00000000ee200000, 0x00000000ee200000| Untracked 
| 227|0x00000000ee300000, 0x00000000ee300000, 0x00000000ee400000|  0%| F|  |TAMS 0x00000000ee300000, 0x00000000ee300000| Untracked 
| 228|0x00000000ee400000, 0x00000000ee400000, 0x00000000ee500000|  0%| F|  |TAMS 0x00000000ee400000, 0x00000000ee400000| Untracked 
| 229|0x00000000ee500000, 0x00000000ee500000, 0x00000000ee600000|  0%| F|  |TAMS 0x00000000ee500000, 0x00000000ee500000| Untracked 
| 230|0x00000000ee600000, 0x00000000ee600000, 0x00000000ee700000|  0%| F|  |TAMS 0x00000000ee600000, 0x00000000ee600000| Untracked 
| 231|0x00000000ee700000, 0x00000000ee700000, 0x00000000ee800000|  0%| F|  |TAMS 0x00000000ee700000, 0x00000000ee700000| Untracked 
| 232|0x00000000ee800000, 0x00000000ee800000, 0x00000000ee900000|  0%| F|  |TAMS 0x00000000ee800000, 0x00000000ee800000| Untracked 
| 233|0x00000000ee900000, 0x00000000ee900000, 0x00000000eea00000|  0%| F|  |TAMS 0x00000000ee900000, 0x00000000ee900000| Untracked 
| 234|0x00000000eea00000, 0x00000000eea00000, 0x00000000eeb00000|  0%| F|  |TAMS 0x00000000eea00000, 0x00000000eea00000| Untracked 
| 235|0x00000000eeb00000, 0x00000000eeb00000, 0x00000000eec00000|  0%| F|  |TAMS 0x00000000eeb00000, 0x00000000eeb00000| Untracked 
| 236|0x00000000eec00000, 0x00000000eec00000, 0x00000000eed00000|  0%| F|  |TAMS 0x00000000eec00000, 0x00000000eec00000| Untracked 
| 237|0x00000000eed00000, 0x00000000eed00000, 0x00000000eee00000|  0%| F|  |TAMS 0x00000000eed00000, 0x00000000eed00000| Untracked 
| 238|0x00000000eee00000, 0x00000000eee00000, 0x00000000eef00000|  0%| F|  |TAMS 0x00000000eee00000, 0x00000000eee00000| Untracked 
| 239|0x00000000eef00000, 0x00000000eef00000, 0x00000000ef000000|  0%| F|  |TAMS 0x00000000eef00000, 0x00000000eef00000| Untracked 
| 240|0x00000000ef000000, 0x00000000ef000000, 0x00000000ef100000|  0%| F|  |TAMS 0x00000000ef000000, 0x00000000ef000000| Untracked 
| 241|0x00000000ef100000, 0x00000000ef100000, 0x00000000ef200000|  0%| F|  |TAMS 0x00000000ef100000, 0x00000000ef100000| Untracked 
| 242|0x00000000ef200000, 0x00000000ef200000, 0x00000000ef300000|  0%| F|  |TAMS 0x00000000ef200000, 0x00000000ef200000| Untracked 
| 243|0x00000000ef300000, 0x00000000ef300000, 0x00000000ef400000|  0%| F|  |TAMS 0x00000000ef300000, 0x00000000ef300000| Untracked 
| 244|0x00000000ef400000, 0x00000000ef400000, 0x00000000ef500000|  0%| F|  |TAMS 0x00000000ef400000, 0x00000000ef400000| Untracked 
| 245|0x00000000ef500000, 0x00000000ef500000, 0x00000000ef600000|  0%| F|  |TAMS 0x00000000ef500000, 0x00000000ef500000| Untracked 
| 246|0x00000000ef600000, 0x00000000ef600000, 0x00000000ef700000|  0%| F|  |TAMS 0x00000000ef600000, 0x00000000ef600000| Untracked 
| 247|0x00000000ef700000, 0x00000000ef700000, 0x00000000ef800000|  0%| F|  |TAMS 0x00000000ef700000, 0x00000000ef700000| Untracked 
| 248|0x00000000ef800000, 0x00000000ef800000, 0x00000000ef900000|  0%| F|  |TAMS 0x00000000ef800000, 0x00000000ef800000| Untracked 
| 249|0x00000000ef900000, 0x00000000ef900000, 0x00000000efa00000|  0%| F|  |TAMS 0x00000000ef900000, 0x00000000ef900000| Untracked 
| 250|0x00000000efa00000, 0x00000000efa00000, 0x00000000efb00000|  0%| F|  |TAMS 0x00000000efa00000, 0x00000000efa00000| Untracked 
| 251|0x00000000efb00000, 0x00000000efb00000, 0x00000000efc00000|  0%| F|  |TAMS 0x00000000efb00000, 0x00000000efb00000| Untracked 
| 252|0x00000000efc00000, 0x00000000efc00000, 0x00000000efd00000|  0%| F|  |TAMS 0x00000000efc00000, 0x00000000efc00000| Untracked 
| 253|0x00000000efd00000, 0x00000000efd00000, 0x00000000efe00000|  0%| F|  |TAMS 0x00000000efd00000, 0x00000000efd00000| Untracked 
| 254|0x00000000efe00000, 0x00000000efe00000, 0x00000000eff00000|  0%| F|  |TAMS 0x00000000efe00000, 0x00000000efe00000| Untracked 
| 255|0x00000000eff00000, 0x00000000eff00000, 0x00000000f0000000|  0%| F|  |TAMS 0x00000000eff00000, 0x00000000eff00000| Untracked 
| 256|0x00000000f0000000, 0x00000000f0000000, 0x00000000f0100000|  0%| F|  |TAMS 0x00000000f0000000, 0x00000000f0000000| Untracked 
| 257|0x00000000f0100000, 0x00000000f0100000, 0x00000000f0200000|  0%| F|  |TAMS 0x00000000f0100000, 0x00000000f0100000| Untracked 
| 258|0x00000000f0200000, 0x00000000f0200000, 0x00000000f0300000|  0%| F|  |TAMS 0x00000000f0200000, 0x00000000f0200000| Untracked 
| 259|0x00000000f0300000, 0x00000000f0300000, 0x00000000f0400000|  0%| F|  |TAMS 0x00000000f0300000, 0x00000000f0300000| Untracked 
| 260|0x00000000f0400000, 0x00000000f0400000, 0x00000000f0500000|  0%| F|  |TAMS 0x00000000f0400000, 0x00000000f0400000| Untracked 
| 261|0x00000000f0500000, 0x00000000f0500000, 0x00000000f0600000|  0%| F|  |TAMS 0x00000000f0500000, 0x00000000f0500000| Untracked 
| 262|0x00000000f0600000, 0x00000000f0600000, 0x00000000f0700000|  0%| F|  |TAMS 0x00000000f0600000, 0x00000000f0600000| Untracked 
| 263|0x00000000f0700000, 0x00000000f0700000, 0x00000000f0800000|  0%| F|  |TAMS 0x00000000f0700000, 0x00000000f0700000| Untracked 
| 264|0x00000000f0800000, 0x00000000f0800000, 0x00000000f0900000|  0%| F|  |TAMS 0x00000000f0800000, 0x00000000f0800000| Untracked 
| 265|0x00000000f0900000, 0x00000000f0900000, 0x00000000f0a00000|  0%| F|  |TAMS 0x00000000f0900000, 0x00000000f0900000| Untracked 
| 266|0x00000000f0a00000, 0x00000000f0a00000, 0x00000000f0b00000|  0%| F|  |TAMS 0x00000000f0a00000, 0x00000000f0a00000| Untracked 
| 267|0x00000000f0b00000, 0x00000000f0b00000, 0x00000000f0c00000|  0%| F|  |TAMS 0x00000000f0b00000, 0x00000000f0b00000| Untracked 
| 268|0x00000000f0c00000, 0x00000000f0c00000, 0x00000000f0d00000|  0%| F|  |TAMS 0x00000000f0c00000, 0x00000000f0c00000| Untracked 
| 269|0x00000000f0d00000, 0x00000000f0d00000, 0x00000000f0e00000|  0%| F|  |TAMS 0x00000000f0d00000, 0x00000000f0d00000| Untracked 
| 270|0x00000000f0e00000, 0x00000000f0e00000, 0x00000000f0f00000|  0%| F|  |TAMS 0x00000000f0e00000, 0x00000000f0e00000| Untracked 
| 271|0x00000000f0f00000, 0x00000000f0f00000, 0x00000000f1000000|  0%| F|  |TAMS 0x00000000f0f00000, 0x00000000f0f00000| Untracked 
| 272|0x00000000f1000000, 0x00000000f1000000, 0x00000000f1100000|  0%| F|  |TAMS 0x00000000f1000000, 0x00000000f1000000| Untracked 
| 273|0x00000000f1100000, 0x00000000f1100000, 0x00000000f1200000|  0%| F|  |TAMS 0x00000000f1100000, 0x00000000f1100000| Untracked 
| 274|0x00000000f1200000, 0x00000000f1200000, 0x00000000f1300000|  0%| F|  |TAMS 0x00000000f1200000, 0x00000000f1200000| Untracked 
| 275|0x00000000f1300000, 0x00000000f1300000, 0x00000000f1400000|  0%| F|  |TAMS 0x00000000f1300000, 0x00000000f1300000| Untracked 
| 276|0x00000000f1400000, 0x00000000f1400000, 0x00000000f1500000|  0%| F|  |TAMS 0x00000000f1400000, 0x00000000f1400000| Untracked 
| 277|0x00000000f1500000, 0x00000000f1500000, 0x00000000f1600000|  0%| F|  |TAMS 0x00000000f1500000, 0x00000000f1500000| Untracked 
| 278|0x00000000f1600000, 0x00000000f1600000, 0x00000000f1700000|  0%| F|  |TAMS 0x00000000f1600000, 0x00000000f1600000| Untracked 
| 279|0x00000000f1700000, 0x00000000f1700000, 0x00000000f1800000|  0%| F|  |TAMS 0x00000000f1700000, 0x00000000f1700000| Untracked 
| 280|0x00000000f1800000, 0x00000000f1800000, 0x00000000f1900000|  0%| F|  |TAMS 0x00000000f1800000, 0x00000000f1800000| Untracked 
| 281|0x00000000f1900000, 0x00000000f1900000, 0x00000000f1a00000|  0%| F|  |TAMS 0x00000000f1900000, 0x00000000f1900000| Untracked 
| 282|0x00000000f1a00000, 0x00000000f1a00000, 0x00000000f1b00000|  0%| F|  |TAMS 0x00000000f1a00000, 0x00000000f1a00000| Untracked 
| 283|0x00000000f1b00000, 0x00000000f1b00000, 0x00000000f1c00000|  0%| F|  |TAMS 0x00000000f1b00000, 0x00000000f1b00000| Untracked 
| 284|0x00000000f1c00000, 0x00000000f1c00000, 0x00000000f1d00000|  0%| F|  |TAMS 0x00000000f1c00000, 0x00000000f1c00000| Untracked 
| 285|0x00000000f1d00000, 0x00000000f1d00000, 0x00000000f1e00000|  0%| F|  |TAMS 0x00000000f1d00000, 0x00000000f1d00000| Untracked 
| 286|0x00000000f1e00000, 0x00000000f1e00000, 0x00000000f1f00000|  0%| F|  |TAMS 0x00000000f1e00000, 0x00000000f1e00000| Untracked 
| 287|0x00000000f1f00000, 0x00000000f1f00000, 0x00000000f2000000|  0%| F|  |TAMS 0x00000000f1f00000, 0x00000000f1f00000| Untracked 
| 288|0x00000000f2000000, 0x00000000f2000000, 0x00000000f2100000|  0%| F|  |TAMS 0x00000000f2000000, 0x00000000f2000000| Untracked 
| 289|0x00000000f2100000, 0x00000000f2100000, 0x00000000f2200000|  0%| F|  |TAMS 0x00000000f2100000, 0x00000000f2100000| Untracked 
| 290|0x00000000f2200000, 0x00000000f2200000, 0x00000000f2300000|  0%| F|  |TAMS 0x00000000f2200000, 0x00000000f2200000| Untracked 
| 291|0x00000000f2300000, 0x00000000f2300000, 0x00000000f2400000|  0%| F|  |TAMS 0x00000000f2300000, 0x00000000f2300000| Untracked 
| 292|0x00000000f2400000, 0x00000000f2400000, 0x00000000f2500000|  0%| F|  |TAMS 0x00000000f2400000, 0x00000000f2400000| Untracked 
| 293|0x00000000f2500000, 0x00000000f2500000, 0x00000000f2600000|  0%| F|  |TAMS 0x00000000f2500000, 0x00000000f2500000| Untracked 
| 294|0x00000000f2600000, 0x00000000f2600000, 0x00000000f2700000|  0%| F|  |TAMS 0x00000000f2600000, 0x00000000f2600000| Untracked 
| 295|0x00000000f2700000, 0x00000000f2700000, 0x00000000f2800000|  0%| F|  |TAMS 0x00000000f2700000, 0x00000000f2700000| Untracked 
| 296|0x00000000f2800000, 0x00000000f2800000, 0x00000000f2900000|  0%| F|  |TAMS 0x00000000f2800000, 0x00000000f2800000| Untracked 
| 297|0x00000000f2900000, 0x00000000f2900000, 0x00000000f2a00000|  0%| F|  |TAMS 0x00000000f2900000, 0x00000000f2900000| Untracked 
| 298|0x00000000f2a00000, 0x00000000f2a00000, 0x00000000f2b00000|  0%| F|  |TAMS 0x00000000f2a00000, 0x00000000f2a00000| Untracked 
| 299|0x00000000f2b00000, 0x00000000f2b00000, 0x00000000f2c00000|  0%| F|  |TAMS 0x00000000f2b00000, 0x00000000f2b00000| Untracked 
| 300|0x00000000f2c00000, 0x00000000f2c00000, 0x00000000f2d00000|  0%| F|  |TAMS 0x00000000f2c00000, 0x00000000f2c00000| Untracked 
| 301|0x00000000f2d00000, 0x00000000f2d00000, 0x00000000f2e00000|  0%| F|  |TAMS 0x00000000f2d00000, 0x00000000f2d00000| Untracked 
| 302|0x00000000f2e00000, 0x00000000f2e00000, 0x00000000f2f00000|  0%| F|  |TAMS 0x00000000f2e00000, 0x00000000f2e00000| Untracked 
| 303|0x00000000f2f00000, 0x00000000f2f00000, 0x00000000f3000000|  0%| F|  |TAMS 0x00000000f2f00000, 0x00000000f2f00000| Untracked 
| 304|0x00000000f3000000, 0x00000000f3000000, 0x00000000f3100000|  0%| F|  |TAMS 0x00000000f3000000, 0x00000000f3000000| Untracked 
| 305|0x00000000f3100000, 0x00000000f3100000, 0x00000000f3200000|  0%| F|  |TAMS 0x00000000f3100000, 0x00000000f3100000| Untracked 
| 306|0x00000000f3200000, 0x00000000f3200000, 0x00000000f3300000|  0%| F|  |TAMS 0x00000000f3200000, 0x00000000f3200000| Untracked 
| 307|0x00000000f3300000, 0x00000000f3300000, 0x00000000f3400000|  0%| F|  |TAMS 0x00000000f3300000, 0x00000000f3300000| Untracked 
| 308|0x00000000f3400000, 0x00000000f3400000, 0x00000000f3500000|  0%| F|  |TAMS 0x00000000f3400000, 0x00000000f3400000| Untracked 
| 309|0x00000000f3500000, 0x00000000f3500000, 0x00000000f3600000|  0%| F|  |TAMS 0x00000000f3500000, 0x00000000f3500000| Untracked 
| 310|0x00000000f3600000, 0x00000000f3600000, 0x00000000f3700000|  0%| F|  |TAMS 0x00000000f3600000, 0x00000000f3600000| Untracked 
| 311|0x00000000f3700000, 0x00000000f3700000, 0x00000000f3800000|  0%| F|  |TAMS 0x00000000f3700000, 0x00000000f3700000| Untracked 
| 312|0x00000000f3800000, 0x00000000f3800000, 0x00000000f3900000|  0%| F|  |TAMS 0x00000000f3800000, 0x00000000f3800000| Untracked 
| 313|0x00000000f3900000, 0x00000000f3900000, 0x00000000f3a00000|  0%| F|  |TAMS 0x00000000f3900000, 0x00000000f3900000| Untracked 
| 314|0x00000000f3a00000, 0x00000000f3a00000, 0x00000000f3b00000|  0%| F|  |TAMS 0x00000000f3a00000, 0x00000000f3a00000| Untracked 
| 315|0x00000000f3b00000, 0x00000000f3b00000, 0x00000000f3c00000|  0%| F|  |TAMS 0x00000000f3b00000, 0x00000000f3b00000| Untracked 
| 316|0x00000000f3c00000, 0x00000000f3c00000, 0x00000000f3d00000|  0%| F|  |TAMS 0x00000000f3c00000, 0x00000000f3c00000| Untracked 
| 317|0x00000000f3d00000, 0x00000000f3d00000, 0x00000000f3e00000|  0%| F|  |TAMS 0x00000000f3d00000, 0x00000000f3d00000| Untracked 
| 318|0x00000000f3e00000, 0x00000000f3e00000, 0x00000000f3f00000|  0%| F|  |TAMS 0x00000000f3e00000, 0x00000000f3e00000| Untracked 
| 319|0x00000000f3f00000, 0x00000000f3f00000, 0x00000000f4000000|  0%| F|  |TAMS 0x00000000f3f00000, 0x00000000f3f00000| Untracked 
| 320|0x00000000f4000000, 0x00000000f4000000, 0x00000000f4100000|  0%| F|  |TAMS 0x00000000f4000000, 0x00000000f4000000| Untracked 
| 321|0x00000000f4100000, 0x00000000f4100000, 0x00000000f4200000|  0%| F|  |TAMS 0x00000000f4100000, 0x00000000f4100000| Untracked 
| 322|0x00000000f4200000, 0x00000000f4200000, 0x00000000f4300000|  0%| F|  |TAMS 0x00000000f4200000, 0x00000000f4200000| Untracked 
| 323|0x00000000f4300000, 0x00000000f4300000, 0x00000000f4400000|  0%| F|  |TAMS 0x00000000f4300000, 0x00000000f4300000| Untracked 
| 324|0x00000000f4400000, 0x00000000f4400000, 0x00000000f4500000|  0%| F|  |TAMS 0x00000000f4400000, 0x00000000f4400000| Untracked 
| 325|0x00000000f4500000, 0x00000000f4500000, 0x00000000f4600000|  0%| F|  |TAMS 0x00000000f4500000, 0x00000000f4500000| Untracked 
| 326|0x00000000f4600000, 0x00000000f4600000, 0x00000000f4700000|  0%| F|  |TAMS 0x00000000f4600000, 0x00000000f4600000| Untracked 
| 327|0x00000000f4700000, 0x00000000f4700000, 0x00000000f4800000|  0%| F|  |TAMS 0x00000000f4700000, 0x00000000f4700000| Untracked 
| 328|0x00000000f4800000, 0x00000000f4800000, 0x00000000f4900000|  0%| F|  |TAMS 0x00000000f4800000, 0x00000000f4800000| Untracked 
| 329|0x00000000f4900000, 0x00000000f4900000, 0x00000000f4a00000|  0%| F|  |TAMS 0x00000000f4900000, 0x00000000f4900000| Untracked 
| 330|0x00000000f4a00000, 0x00000000f4a00000, 0x00000000f4b00000|  0%| F|  |TAMS 0x00000000f4a00000, 0x00000000f4a00000| Untracked 
| 331|0x00000000f4b00000, 0x00000000f4b00000, 0x00000000f4c00000|  0%| F|  |TAMS 0x00000000f4b00000, 0x00000000f4b00000| Untracked 
| 332|0x00000000f4c00000, 0x00000000f4c00000, 0x00000000f4d00000|  0%| F|  |TAMS 0x00000000f4c00000, 0x00000000f4c00000| Untracked 
| 333|0x00000000f4d00000, 0x00000000f4d00000, 0x00000000f4e00000|  0%| F|  |TAMS 0x00000000f4d00000, 0x00000000f4d00000| Untracked 
| 334|0x00000000f4e00000, 0x00000000f4e00000, 0x00000000f4f00000|  0%| F|  |TAMS 0x00000000f4e00000, 0x00000000f4e00000| Untracked 
| 335|0x00000000f4f00000, 0x00000000f4f00000, 0x00000000f5000000|  0%| F|  |TAMS 0x00000000f4f00000, 0x00000000f4f00000| Untracked 
| 336|0x00000000f5000000, 0x00000000f5000000, 0x00000000f5100000|  0%| F|  |TAMS 0x00000000f5000000, 0x00000000f5000000| Untracked 
| 337|0x00000000f5100000, 0x00000000f5100000, 0x00000000f5200000|  0%| F|  |TAMS 0x00000000f5100000, 0x00000000f5100000| Untracked 
| 338|0x00000000f5200000, 0x00000000f5200000, 0x00000000f5300000|  0%| F|  |TAMS 0x00000000f5200000, 0x00000000f5200000| Untracked 
| 339|0x00000000f5300000, 0x00000000f5300000, 0x00000000f5400000|  0%| F|  |TAMS 0x00000000f5300000, 0x00000000f5300000| Untracked 
| 340|0x00000000f5400000, 0x00000000f5400000, 0x00000000f5500000|  0%| F|  |TAMS 0x00000000f5400000, 0x00000000f5400000| Untracked 
| 341|0x00000000f5500000, 0x00000000f5500000, 0x00000000f5600000|  0%| F|  |TAMS 0x00000000f5500000, 0x00000000f5500000| Untracked 
| 342|0x00000000f5600000, 0x00000000f5600000, 0x00000000f5700000|  0%| F|  |TAMS 0x00000000f5600000, 0x00000000f5600000| Untracked 
| 343|0x00000000f5700000, 0x00000000f5700000, 0x00000000f5800000|  0%| F|  |TAMS 0x00000000f5700000, 0x00000000f5700000| Untracked 
| 344|0x00000000f5800000, 0x00000000f5800000, 0x00000000f5900000|  0%| F|  |TAMS 0x00000000f5800000, 0x00000000f5800000| Untracked 
| 345|0x00000000f5900000, 0x00000000f5900000, 0x00000000f5a00000|  0%| F|  |TAMS 0x00000000f5900000, 0x00000000f5900000| Untracked 
| 346|0x00000000f5a00000, 0x00000000f5a00000, 0x00000000f5b00000|  0%| F|  |TAMS 0x00000000f5a00000, 0x00000000f5a00000| Untracked 
| 347|0x00000000f5b00000, 0x00000000f5b00000, 0x00000000f5c00000|  0%| F|  |TAMS 0x00000000f5b00000, 0x00000000f5b00000| Untracked 
| 348|0x00000000f5c00000, 0x00000000f5c00000, 0x00000000f5d00000|  0%| F|  |TAMS 0x00000000f5c00000, 0x00000000f5c00000| Untracked 
| 349|0x00000000f5d00000, 0x00000000f5d00000, 0x00000000f5e00000|  0%| F|  |TAMS 0x00000000f5d00000, 0x00000000f5d00000| Untracked 
| 350|0x00000000f5e00000, 0x00000000f5e00000, 0x00000000f5f00000|  0%| F|  |TAMS 0x00000000f5e00000, 0x00000000f5e00000| Untracked 
| 351|0x00000000f5f00000, 0x00000000f5f00000, 0x00000000f6000000|  0%| F|  |TAMS 0x00000000f5f00000, 0x00000000f5f00000| Untracked 
| 352|0x00000000f6000000, 0x00000000f6000000, 0x00000000f6100000|  0%| F|  |TAMS 0x00000000f6000000, 0x00000000f6000000| Untracked 
| 353|0x00000000f6100000, 0x00000000f6100000, 0x00000000f6200000|  0%| F|  |TAMS 0x00000000f6100000, 0x00000000f6100000| Untracked 
| 354|0x00000000f6200000, 0x00000000f6200000, 0x00000000f6300000|  0%| F|  |TAMS 0x00000000f6200000, 0x00000000f6200000| Untracked 
| 355|0x00000000f6300000, 0x00000000f6300000, 0x00000000f6400000|  0%| F|  |TAMS 0x00000000f6300000, 0x00000000f6300000| Untracked 
| 356|0x00000000f6400000, 0x00000000f6400000, 0x00000000f6500000|  0%| F|  |TAMS 0x00000000f6400000, 0x00000000f6400000| Untracked 
| 357|0x00000000f6500000, 0x00000000f6500000, 0x00000000f6600000|  0%| F|  |TAMS 0x00000000f6500000, 0x00000000f6500000| Untracked 
| 358|0x00000000f6600000, 0x00000000f6600000, 0x00000000f6700000|  0%| F|  |TAMS 0x00000000f6600000, 0x00000000f6600000| Untracked 
| 359|0x00000000f6700000, 0x00000000f6700000, 0x00000000f6800000|  0%| F|  |TAMS 0x00000000f6700000, 0x00000000f6700000| Untracked 
| 360|0x00000000f6800000, 0x00000000f6800000, 0x00000000f6900000|  0%| F|  |TAMS 0x00000000f6800000, 0x00000000f6800000| Untracked 
| 361|0x00000000f6900000, 0x00000000f6900000, 0x00000000f6a00000|  0%| F|  |TAMS 0x00000000f6900000, 0x00000000f6900000| Untracked 
| 362|0x00000000f6a00000, 0x00000000f6a00000, 0x00000000f6b00000|  0%| F|  |TAMS 0x00000000f6a00000, 0x00000000f6a00000| Untracked 
| 363|0x00000000f6b00000, 0x00000000f6b00000, 0x00000000f6c00000|  0%| F|  |TAMS 0x00000000f6b00000, 0x00000000f6b00000| Untracked 
| 364|0x00000000f6c00000, 0x00000000f6c00000, 0x00000000f6d00000|  0%| F|  |TAMS 0x00000000f6c00000, 0x00000000f6c00000| Untracked 
| 365|0x00000000f6d00000, 0x00000000f6d00000, 0x00000000f6e00000|  0%| F|  |TAMS 0x00000000f6d00000, 0x00000000f6d00000| Untracked 
| 366|0x00000000f6e00000, 0x00000000f6e00000, 0x00000000f6f00000|  0%| F|  |TAMS 0x00000000f6e00000, 0x00000000f6e00000| Untracked 
| 367|0x00000000f6f00000, 0x00000000f6f00000, 0x00000000f7000000|  0%| F|  |TAMS 0x00000000f6f00000, 0x00000000f6f00000| Untracked 
| 368|0x00000000f7000000, 0x00000000f7000000, 0x00000000f7100000|  0%| F|  |TAMS 0x00000000f7000000, 0x00000000f7000000| Untracked 
| 369|0x00000000f7100000, 0x00000000f7100000, 0x00000000f7200000|  0%| F|  |TAMS 0x00000000f7100000, 0x00000000f7100000| Untracked 
| 370|0x00000000f7200000, 0x00000000f7200000, 0x00000000f7300000|  0%| F|  |TAMS 0x00000000f7200000, 0x00000000f7200000| Untracked 
| 371|0x00000000f7300000, 0x00000000f7300000, 0x00000000f7400000|  0%| F|  |TAMS 0x00000000f7300000, 0x00000000f7300000| Untracked 
| 372|0x00000000f7400000, 0x00000000f7400000, 0x00000000f7500000|  0%| F|  |TAMS 0x00000000f7400000, 0x00000000f7400000| Untracked 
| 373|0x00000000f7500000, 0x00000000f7500000, 0x00000000f7600000|  0%| F|  |TAMS 0x00000000f7500000, 0x00000000f7500000| Untracked 
| 374|0x00000000f7600000, 0x00000000f7600000, 0x00000000f7700000|  0%| F|  |TAMS 0x00000000f7600000, 0x00000000f7600000| Untracked 
| 375|0x00000000f7700000, 0x00000000f7700000, 0x00000000f7800000|  0%| F|  |TAMS 0x00000000f7700000, 0x00000000f7700000| Untracked 
| 376|0x00000000f7800000, 0x00000000f7800000, 0x00000000f7900000|  0%| F|  |TAMS 0x00000000f7800000, 0x00000000f7800000| Untracked 
| 377|0x00000000f7900000, 0x00000000f7900000, 0x00000000f7a00000|  0%| F|  |TAMS 0x00000000f7900000, 0x00000000f7900000| Untracked 
| 378|0x00000000f7a00000, 0x00000000f7a00000, 0x00000000f7b00000|  0%| F|  |TAMS 0x00000000f7a00000, 0x00000000f7a00000| Untracked 
| 379|0x00000000f7b00000, 0x00000000f7b00000, 0x00000000f7c00000|  0%| F|  |TAMS 0x00000000f7b00000, 0x00000000f7b00000| Untracked 
| 380|0x00000000f7c00000, 0x00000000f7c00000, 0x00000000f7d00000|  0%| F|  |TAMS 0x00000000f7c00000, 0x00000000f7c00000| Untracked 
| 381|0x00000000f7d00000, 0x00000000f7d00000, 0x00000000f7e00000|  0%| F|  |TAMS 0x00000000f7d00000, 0x00000000f7d00000| Untracked 
| 382|0x00000000f7e00000, 0x00000000f7e00000, 0x00000000f7f00000|  0%| F|  |TAMS 0x00000000f7e00000, 0x00000000f7e00000| Untracked 
| 383|0x00000000f7f00000, 0x00000000f7f00000, 0x00000000f8000000|  0%| F|  |TAMS 0x00000000f7f00000, 0x00000000f7f00000| Untracked 
| 384|0x00000000f8000000, 0x00000000f8000000, 0x00000000f8100000|  0%| F|  |TAMS 0x00000000f8000000, 0x00000000f8000000| Untracked 
| 385|0x00000000f8100000, 0x00000000f8100000, 0x00000000f8200000|  0%| F|  |TAMS 0x00000000f8100000, 0x00000000f8100000| Untracked 
| 386|0x00000000f8200000, 0x00000000f8200000, 0x00000000f8300000|  0%| F|  |TAMS 0x00000000f8200000, 0x00000000f8200000| Untracked 
| 387|0x00000000f8300000, 0x00000000f8300000, 0x00000000f8400000|  0%| F|  |TAMS 0x00000000f8300000, 0x00000000f8300000| Untracked 
| 388|0x00000000f8400000, 0x00000000f8400000, 0x00000000f8500000|  0%| F|  |TAMS 0x00000000f8400000, 0x00000000f8400000| Untracked 
| 389|0x00000000f8500000, 0x00000000f8500000, 0x00000000f8600000|  0%| F|  |TAMS 0x00000000f8500000, 0x00000000f8500000| Untracked 
| 390|0x00000000f8600000, 0x00000000f8600000, 0x00000000f8700000|  0%| F|  |TAMS 0x00000000f8600000, 0x00000000f8600000| Untracked 
| 391|0x00000000f8700000, 0x00000000f8700000, 0x00000000f8800000|  0%| F|  |TAMS 0x00000000f8700000, 0x00000000f8700000| Untracked 
| 392|0x00000000f8800000, 0x00000000f8800000, 0x00000000f8900000|  0%| F|  |TAMS 0x00000000f8800000, 0x00000000f8800000| Untracked 
| 393|0x00000000f8900000, 0x00000000f8900000, 0x00000000f8a00000|  0%| F|  |TAMS 0x00000000f8900000, 0x00000000f8900000| Untracked 
| 394|0x00000000f8a00000, 0x00000000f8a00000, 0x00000000f8b00000|  0%| F|  |TAMS 0x00000000f8a00000, 0x00000000f8a00000| Untracked 
| 395|0x00000000f8b00000, 0x00000000f8b00000, 0x00000000f8c00000|  0%| F|  |TAMS 0x00000000f8b00000, 0x00000000f8b00000| Untracked 
| 396|0x00000000f8c00000, 0x00000000f8c00000, 0x00000000f8d00000|  0%| F|  |TAMS 0x00000000f8c00000, 0x00000000f8c00000| Untracked 
| 397|0x00000000f8d00000, 0x00000000f8d00000, 0x00000000f8e00000|  0%| F|  |TAMS 0x00000000f8d00000, 0x00000000f8d00000| Untracked 
| 398|0x00000000f8e00000, 0x00000000f8e00000, 0x00000000f8f00000|  0%| F|  |TAMS 0x00000000f8e00000, 0x00000000f8e00000| Untracked 
| 399|0x00000000f8f00000, 0x00000000f8f00000, 0x00000000f9000000|  0%| F|  |TAMS 0x00000000f8f00000, 0x00000000f8f00000| Untracked 
| 400|0x00000000f9000000, 0x00000000f9000000, 0x00000000f9100000|  0%| F|  |TAMS 0x00000000f9000000, 0x00000000f9000000| Untracked 
| 401|0x00000000f9100000, 0x00000000f9100000, 0x00000000f9200000|  0%| F|  |TAMS 0x00000000f9100000, 0x00000000f9100000| Untracked 
| 402|0x00000000f9200000, 0x00000000f9200000, 0x00000000f9300000|  0%| F|  |TAMS 0x00000000f9200000, 0x00000000f9200000| Untracked 
| 403|0x00000000f9300000, 0x00000000f9300000, 0x00000000f9400000|  0%| F|  |TAMS 0x00000000f9300000, 0x00000000f9300000| Untracked 
| 404|0x00000000f9400000, 0x00000000f9400000, 0x00000000f9500000|  0%| F|  |TAMS 0x00000000f9400000, 0x00000000f9400000| Untracked 
| 405|0x00000000f9500000, 0x00000000f9500000, 0x00000000f9600000|  0%| F|  |TAMS 0x00000000f9500000, 0x00000000f9500000| Untracked 
| 406|0x00000000f9600000, 0x00000000f9600000, 0x00000000f9700000|  0%| F|  |TAMS 0x00000000f9600000, 0x00000000f9600000| Untracked 
| 407|0x00000000f9700000, 0x00000000f9700000, 0x00000000f9800000|  0%| F|  |TAMS 0x00000000f9700000, 0x00000000f9700000| Untracked 
| 408|0x00000000f9800000, 0x00000000f9800000, 0x00000000f9900000|  0%| F|  |TAMS 0x00000000f9800000, 0x00000000f9800000| Untracked 
| 409|0x00000000f9900000, 0x00000000f9900000, 0x00000000f9a00000|  0%| F|  |TAMS 0x00000000f9900000, 0x00000000f9900000| Untracked 
| 410|0x00000000f9a00000, 0x00000000f9a00000, 0x00000000f9b00000|  0%| F|  |TAMS 0x00000000f9a00000, 0x00000000f9a00000| Untracked 
| 411|0x00000000f9b00000, 0x00000000f9b00000, 0x00000000f9c00000|  0%| F|  |TAMS 0x00000000f9b00000, 0x00000000f9b00000| Untracked 
| 412|0x00000000f9c00000, 0x00000000f9c00000, 0x00000000f9d00000|  0%| F|  |TAMS 0x00000000f9c00000, 0x00000000f9c00000| Untracked 
| 413|0x00000000f9d00000, 0x00000000f9d00000, 0x00000000f9e00000|  0%| F|  |TAMS 0x00000000f9d00000, 0x00000000f9d00000| Untracked 
| 414|0x00000000f9e00000, 0x00000000f9e00000, 0x00000000f9f00000|  0%| F|  |TAMS 0x00000000f9e00000, 0x00000000f9e00000| Untracked 
| 415|0x00000000f9f00000, 0x00000000f9f00000, 0x00000000fa000000|  0%| F|  |TAMS 0x00000000f9f00000, 0x00000000f9f00000| Untracked 
| 416|0x00000000fa000000, 0x00000000fa000000, 0x00000000fa100000|  0%| F|  |TAMS 0x00000000fa000000, 0x00000000fa000000| Untracked 
| 417|0x00000000fa100000, 0x00000000fa100000, 0x00000000fa200000|  0%| F|  |TAMS 0x00000000fa100000, 0x00000000fa100000| Untracked 
| 418|0x00000000fa200000, 0x00000000fa200000, 0x00000000fa300000|  0%| F|  |TAMS 0x00000000fa200000, 0x00000000fa200000| Untracked 
| 419|0x00000000fa300000, 0x00000000fa300000, 0x00000000fa400000|  0%| F|  |TAMS 0x00000000fa300000, 0x00000000fa300000| Untracked 
| 420|0x00000000fa400000, 0x00000000fa400000, 0x00000000fa500000|  0%| F|  |TAMS 0x00000000fa400000, 0x00000000fa400000| Untracked 
| 421|0x00000000fa500000, 0x00000000fa500000, 0x00000000fa600000|  0%| F|  |TAMS 0x00000000fa500000, 0x00000000fa500000| Untracked 
| 422|0x00000000fa600000, 0x00000000fa600000, 0x00000000fa700000|  0%| F|  |TAMS 0x00000000fa600000, 0x00000000fa600000| Untracked 
| 423|0x00000000fa700000, 0x00000000fa700000, 0x00000000fa800000|  0%| F|  |TAMS 0x00000000fa700000, 0x00000000fa700000| Untracked 
| 424|0x00000000fa800000, 0x00000000fa800000, 0x00000000fa900000|  0%| F|  |TAMS 0x00000000fa800000, 0x00000000fa800000| Untracked 
| 425|0x00000000fa900000, 0x00000000fa900000, 0x00000000faa00000|  0%| F|  |TAMS 0x00000000fa900000, 0x00000000fa900000| Untracked 
| 426|0x00000000faa00000, 0x00000000faa00000, 0x00000000fab00000|  0%| F|  |TAMS 0x00000000faa00000, 0x00000000faa00000| Untracked 
| 427|0x00000000fab00000, 0x00000000fab00000, 0x00000000fac00000|  0%| F|  |TAMS 0x00000000fab00000, 0x00000000fab00000| Untracked 
| 428|0x00000000fac00000, 0x00000000fac00000, 0x00000000fad00000|  0%| F|  |TAMS 0x00000000fac00000, 0x00000000fac00000| Untracked 
| 429|0x00000000fad00000, 0x00000000fad00000, 0x00000000fae00000|  0%| F|  |TAMS 0x00000000fad00000, 0x00000000fad00000| Untracked 
| 430|0x00000000fae00000, 0x00000000fae00000, 0x00000000faf00000|  0%| F|  |TAMS 0x00000000fae00000, 0x00000000fae00000| Untracked 
| 431|0x00000000faf00000, 0x00000000faf00000, 0x00000000fb000000|  0%| F|  |TAMS 0x00000000faf00000, 0x00000000faf00000| Untracked 
| 432|0x00000000fb000000, 0x00000000fb000000, 0x00000000fb100000|  0%| F|  |TAMS 0x00000000fb000000, 0x00000000fb000000| Untracked 
| 433|0x00000000fb100000, 0x00000000fb100000, 0x00000000fb200000|  0%| F|  |TAMS 0x00000000fb100000, 0x00000000fb100000| Untracked 
| 434|0x00000000fb200000, 0x00000000fb200000, 0x00000000fb300000|  0%| F|  |TAMS 0x00000000fb200000, 0x00000000fb200000| Untracked 
| 435|0x00000000fb300000, 0x00000000fb300000, 0x00000000fb400000|  0%| F|  |TAMS 0x00000000fb300000, 0x00000000fb300000| Untracked 
| 436|0x00000000fb400000, 0x00000000fb400000, 0x00000000fb500000|  0%| F|  |TAMS 0x00000000fb400000, 0x00000000fb400000| Untracked 
| 437|0x00000000fb500000, 0x00000000fb500000, 0x00000000fb600000|  0%| F|  |TAMS 0x00000000fb500000, 0x00000000fb500000| Untracked 
| 438|0x00000000fb600000, 0x00000000fb600000, 0x00000000fb700000|  0%| F|  |TAMS 0x00000000fb600000, 0x00000000fb600000| Untracked 
| 439|0x00000000fb700000, 0x00000000fb700000, 0x00000000fb800000|  0%| F|  |TAMS 0x00000000fb700000, 0x00000000fb700000| Untracked 
| 440|0x00000000fb800000, 0x00000000fb800000, 0x00000000fb900000|  0%| F|  |TAMS 0x00000000fb800000, 0x00000000fb800000| Untracked 
| 441|0x00000000fb900000, 0x00000000fb900000, 0x00000000fba00000|  0%| F|  |TAMS 0x00000000fb900000, 0x00000000fb900000| Untracked 
| 442|0x00000000fba00000, 0x00000000fba00000, 0x00000000fbb00000|  0%| F|  |TAMS 0x00000000fba00000, 0x00000000fba00000| Untracked 
| 443|0x00000000fbb00000, 0x00000000fbb00000, 0x00000000fbc00000|  0%| F|  |TAMS 0x00000000fbb00000, 0x00000000fbb00000| Untracked 
| 444|0x00000000fbc00000, 0x00000000fbc00000, 0x00000000fbd00000|  0%| F|  |TAMS 0x00000000fbc00000, 0x00000000fbc00000| Untracked 
| 445|0x00000000fbd00000, 0x00000000fbd00000, 0x00000000fbe00000|  0%| F|  |TAMS 0x00000000fbd00000, 0x00000000fbd00000| Untracked 
| 446|0x00000000fbe00000, 0x00000000fbe00000, 0x00000000fbf00000|  0%| F|  |TAMS 0x00000000fbe00000, 0x00000000fbe00000| Untracked 
| 447|0x00000000fbf00000, 0x00000000fbf00000, 0x00000000fc000000|  0%| F|  |TAMS 0x00000000fbf00000, 0x00000000fbf00000| Untracked 
| 448|0x00000000fc000000, 0x00000000fc000000, 0x00000000fc100000|  0%| F|  |TAMS 0x00000000fc000000, 0x00000000fc000000| Untracked 
| 449|0x00000000fc100000, 0x00000000fc100000, 0x00000000fc200000|  0%| F|  |TAMS 0x00000000fc100000, 0x00000000fc100000| Untracked 
| 450|0x00000000fc200000, 0x00000000fc200000, 0x00000000fc300000|  0%| F|  |TAMS 0x00000000fc200000, 0x00000000fc200000| Untracked 
| 451|0x00000000fc300000, 0x00000000fc300000, 0x00000000fc400000|  0%| F|  |TAMS 0x00000000fc300000, 0x00000000fc300000| Untracked 
| 452|0x00000000fc400000, 0x00000000fc400000, 0x00000000fc500000|  0%| F|  |TAMS 0x00000000fc400000, 0x00000000fc400000| Untracked 
| 453|0x00000000fc500000, 0x00000000fc500000, 0x00000000fc600000|  0%| F|  |TAMS 0x00000000fc500000, 0x00000000fc500000| Untracked 
| 454|0x00000000fc600000, 0x00000000fc600000, 0x00000000fc700000|  0%| F|  |TAMS 0x00000000fc600000, 0x00000000fc600000| Untracked 
| 455|0x00000000fc700000, 0x00000000fc700000, 0x00000000fc800000|  0%| F|  |TAMS 0x00000000fc700000, 0x00000000fc700000| Untracked 
| 456|0x00000000fc800000, 0x00000000fc800000, 0x00000000fc900000|  0%| F|  |TAMS 0x00000000fc800000, 0x00000000fc800000| Untracked 
| 457|0x00000000fc900000, 0x00000000fc900000, 0x00000000fca00000|  0%| F|  |TAMS 0x00000000fc900000, 0x00000000fc900000| Untracked 
| 458|0x00000000fca00000, 0x00000000fca00000, 0x00000000fcb00000|  0%| F|  |TAMS 0x00000000fca00000, 0x00000000fca00000| Untracked 
| 459|0x00000000fcb00000, 0x00000000fcb00000, 0x00000000fcc00000|  0%| F|  |TAMS 0x00000000fcb00000, 0x00000000fcb00000| Untracked 
| 460|0x00000000fcc00000, 0x00000000fcc00000, 0x00000000fcd00000|  0%| F|  |TAMS 0x00000000fcc00000, 0x00000000fcc00000| Untracked 
| 461|0x00000000fcd00000, 0x00000000fcd00000, 0x00000000fce00000|  0%| F|  |TAMS 0x00000000fcd00000, 0x00000000fcd00000| Untracked 
| 462|0x00000000fce00000, 0x00000000fce00000, 0x00000000fcf00000|  0%| F|  |TAMS 0x00000000fce00000, 0x00000000fce00000| Untracked 
| 463|0x00000000fcf00000, 0x00000000fcf00000, 0x00000000fd000000|  0%| F|  |TAMS 0x00000000fcf00000, 0x00000000fcf00000| Untracked 
| 464|0x00000000fd000000, 0x00000000fd000000, 0x00000000fd100000|  0%| F|  |TAMS 0x00000000fd000000, 0x00000000fd000000| Untracked 
| 465|0x00000000fd100000, 0x00000000fd100000, 0x00000000fd200000|  0%| F|  |TAMS 0x00000000fd100000, 0x00000000fd100000| Untracked 
| 466|0x00000000fd200000, 0x00000000fd200000, 0x00000000fd300000|  0%| F|  |TAMS 0x00000000fd200000, 0x00000000fd200000| Untracked 
| 467|0x00000000fd300000, 0x00000000fd300000, 0x00000000fd400000|  0%| F|  |TAMS 0x00000000fd300000, 0x00000000fd300000| Untracked 
| 468|0x00000000fd400000, 0x00000000fd400000, 0x00000000fd500000|  0%| F|  |TAMS 0x00000000fd400000, 0x00000000fd400000| Untracked 
| 469|0x00000000fd500000, 0x00000000fd500000, 0x00000000fd600000|  0%| F|  |TAMS 0x00000000fd500000, 0x00000000fd500000| Untracked 
| 470|0x00000000fd600000, 0x00000000fd600000, 0x00000000fd700000|  0%| F|  |TAMS 0x00000000fd600000, 0x00000000fd600000| Untracked 
| 471|0x00000000fd700000, 0x00000000fd700000, 0x00000000fd800000|  0%| F|  |TAMS 0x00000000fd700000, 0x00000000fd700000| Untracked 
| 472|0x00000000fd800000, 0x00000000fd800000, 0x00000000fd900000|  0%| F|  |TAMS 0x00000000fd800000, 0x00000000fd800000| Untracked 
| 473|0x00000000fd900000, 0x00000000fd900000, 0x00000000fda00000|  0%| F|  |TAMS 0x00000000fd900000, 0x00000000fd900000| Untracked 
| 474|0x00000000fda00000, 0x00000000fda00000, 0x00000000fdb00000|  0%| F|  |TAMS 0x00000000fda00000, 0x00000000fda00000| Untracked 
| 475|0x00000000fdb00000, 0x00000000fdb00000, 0x00000000fdc00000|  0%| F|  |TAMS 0x00000000fdb00000, 0x00000000fdb00000| Untracked 
| 476|0x00000000fdc00000, 0x00000000fdc00000, 0x00000000fdd00000|  0%| F|  |TAMS 0x00000000fdc00000, 0x00000000fdc00000| Untracked 
| 477|0x00000000fdd00000, 0x00000000fdd00000, 0x00000000fde00000|  0%| F|  |TAMS 0x00000000fdd00000, 0x00000000fdd00000| Untracked 
| 478|0x00000000fde00000, 0x00000000fde00000, 0x00000000fdf00000|  0%| F|  |TAMS 0x00000000fde00000, 0x00000000fde00000| Untracked 
| 479|0x00000000fdf00000, 0x00000000fdf00000, 0x00000000fe000000|  0%| F|  |TAMS 0x00000000fdf00000, 0x00000000fdf00000| Untracked 
| 480|0x00000000fe000000, 0x00000000fe000000, 0x00000000fe100000|  0%| F|  |TAMS 0x00000000fe000000, 0x00000000fe000000| Untracked 
| 481|0x00000000fe100000, 0x00000000fe100000, 0x00000000fe200000|  0%| F|  |TAMS 0x00000000fe100000, 0x00000000fe100000| Untracked 
| 482|0x00000000fe200000, 0x00000000fe200000, 0x00000000fe300000|  0%| F|  |TAMS 0x00000000fe200000, 0x00000000fe200000| Untracked 
| 483|0x00000000fe300000, 0x00000000fe400000, 0x00000000fe400000|100%| S|CS|TAMS 0x00000000fe300000, 0x00000000fe300000| Complete 
| 484|0x00000000fe400000, 0x00000000fe500000, 0x00000000fe500000|100%| S|CS|TAMS 0x00000000fe400000, 0x00000000fe400000| Complete 
| 485|0x00000000fe500000, 0x00000000fe600000, 0x00000000fe600000|100%| S|CS|TAMS 0x00000000fe500000, 0x00000000fe500000| Complete 
| 486|0x00000000fe600000, 0x00000000fe700000, 0x00000000fe700000|100%| S|CS|TAMS 0x00000000fe600000, 0x00000000fe600000| Complete 
| 487|0x00000000fe700000, 0x00000000fe700000, 0x00000000fe800000|  0%| F|  |TAMS 0x00000000fe700000, 0x00000000fe700000| Untracked 
| 488|0x00000000fe800000, 0x00000000fe800000, 0x00000000fe900000|  0%| F|  |TAMS 0x00000000fe800000, 0x00000000fe800000| Untracked 
| 489|0x00000000fe900000, 0x00000000fe900000, 0x00000000fea00000|  0%| F|  |TAMS 0x00000000fe900000, 0x00000000fe900000| Untracked 
| 490|0x00000000fea00000, 0x00000000fea00000, 0x00000000feb00000|  0%| F|  |TAMS 0x00000000fea00000, 0x00000000fea00000| Untracked 
| 491|0x00000000feb00000, 0x00000000feb00000, 0x00000000fec00000|  0%| F|  |TAMS 0x00000000feb00000, 0x00000000feb00000| Untracked 
| 492|0x00000000fec00000, 0x00000000fec00000, 0x00000000fed00000|  0%| F|  |TAMS 0x00000000fec00000, 0x00000000fec00000| Untracked 
| 493|0x00000000fed00000, 0x00000000fed00000, 0x00000000fee00000|  0%| F|  |TAMS 0x00000000fed00000, 0x00000000fed00000| Untracked 
| 494|0x00000000fee00000, 0x00000000fee00000, 0x00000000fef00000|  0%| F|  |TAMS 0x00000000fee00000, 0x00000000fee00000| Untracked 
| 495|0x00000000fef00000, 0x00000000fef00000, 0x00000000ff000000|  0%| F|  |TAMS 0x00000000fef00000, 0x00000000fef00000| Untracked 
| 496|0x00000000ff000000, 0x00000000ff0f2b38, 0x00000000ff100000| 94%| E|  |TAMS 0x00000000ff000000, 0x00000000ff000000| Complete 
| 497|0x00000000ff100000, 0x00000000ff200000, 0x00000000ff200000|100%| E|CS|TAMS 0x00000000ff100000, 0x00000000ff100000| Complete 
| 498|0x00000000ff200000, 0x00000000ff300000, 0x00000000ff300000|100%| E|CS|TAMS 0x00000000ff200000, 0x00000000ff200000| Complete 
| 499|0x00000000ff300000, 0x00000000ff400000, 0x00000000ff400000|100%| E|CS|TAMS 0x00000000ff300000, 0x00000000ff300000| Complete 
| 500|0x00000000ff400000, 0x00000000ff500000, 0x00000000ff500000|100%| E|CS|TAMS 0x00000000ff400000, 0x00000000ff400000| Complete 
| 501|0x00000000ff500000, 0x00000000ff600000, 0x00000000ff600000|100%| E|  |TAMS 0x00000000ff500000, 0x00000000ff500000| Complete 
| 502|0x00000000ff600000, 0x00000000ff700000, 0x00000000ff700000|100%| E|CS|TAMS 0x00000000ff600000, 0x00000000ff600000| Complete 
| 503|0x00000000ff700000, 0x00000000ff800000, 0x00000000ff800000|100%| E|CS|TAMS 0x00000000ff700000, 0x00000000ff700000| Complete 
| 504|0x00000000ff800000, 0x00000000ff900000, 0x00000000ff900000|100%| E|CS|TAMS 0x00000000ff800000, 0x00000000ff800000| Complete 
| 505|0x00000000ff900000, 0x00000000ffa00000, 0x00000000ffa00000|100%| E|CS|TAMS 0x00000000ff900000, 0x00000000ff900000| Complete 
| 506|0x00000000ffa00000, 0x00000000ffb00000, 0x00000000ffb00000|100%| E|CS|TAMS 0x00000000ffa00000, 0x00000000ffa00000| Complete 
| 507|0x00000000ffb00000, 0x00000000ffc00000, 0x00000000ffc00000|100%| E|CS|TAMS 0x00000000ffb00000, 0x00000000ffb00000| Complete 
| 508|0x00000000ffc00000, 0x00000000ffd00000, 0x00000000ffd00000|100%| E|CS|TAMS 0x00000000ffc00000, 0x00000000ffc00000| Complete 
| 509|0x00000000ffd00000, 0x00000000ffe00000, 0x00000000ffe00000|100%| E|CS|TAMS 0x00000000ffd00000, 0x00000000ffd00000| Complete 
| 510|0x00000000ffe00000, 0x00000000fff00000, 0x00000000fff00000|100%| E|CS|TAMS 0x00000000ffe00000, 0x00000000ffe00000| Complete 
| 511|0x00000000fff00000, 0x0000000100000000, 0x0000000100000000|100%| E|CS|TAMS 0x00000000fff00000, 0x00000000fff00000| Complete 

Card table byte_map: [0x000001e75eb60000,0x000001e75ec60000] _byte_map_base: 0x000001e75e460000

Marking Bits (Prev, Next): (CMBitMap*) 0x000001e747ce39b0, (CMBitMap*) 0x000001e747ce39f0
 Prev Bits: [0x000001e75ed60000, 0x000001e75f560000)
 Next Bits: [0x000001e75f560000, 0x000001e75fd60000)

Polling page: 0x000001e745b70000

Metaspace:

Usage:
  Non-class:      8.01 MB used.
      Class:      1.03 MB used.
       Both:      9.04 MB used.

Virtual space:
  Non-class space:       64.00 MB reserved,       8.12 MB ( 13%) committed,  1 nodes.
      Class space:        1.00 GB reserved,       1.12 MB ( <1%) committed,  1 nodes.
             Both:        1.06 GB reserved,       9.25 MB ( <1%) committed. 

Chunk freelists:
   Non-Class:  7.78 MB
       Class:  14.78 MB
        Both:  22.56 MB

MaxMetaspaceSize: unlimited
CompressedClassSpaceSize: 1.00 GB
Initial GC threshold: 21.00 MB
Current GC threshold: 21.00 MB
CDS: on
MetaspaceReclaimPolicy: balanced
 - commit_granule_bytes: 65536.
 - commit_granule_words: 8192.
 - virtual_space_node_default_size: 8388608.
 - enlarge_chunks_in_place: 1.
 - new_chunks_are_fully_committed: 0.
 - uncommit_free_chunks: 1.
 - use_allocation_guard: 0.
 - handle_deallocations: 1.


Internal statistics:

num_allocs_failed_limit: 0.
num_arena_births: 136.
num_arena_deaths: 0.
num_vsnodes_births: 2.
num_vsnodes_deaths: 0.
num_space_committed: 148.
num_space_uncommitted: 0.
num_chunks_returned_to_freelist: 0.
num_chunks_taken_from_freelist: 395.
num_chunk_merges: 0.
num_chunk_splits: 251.
num_chunks_enlarged: 162.
num_inconsistent_stats: 0.

CodeHeap 'non-profiled nmethods': size=120000Kb used=572Kb max_used=572Kb free=119427Kb
 bounds [0x000001e756fe0000, 0x000001e757250000, 0x000001e75e510000]
CodeHeap 'profiled nmethods': size=120000Kb used=3021Kb max_used=3021Kb free=116978Kb
 bounds [0x000001e74f510000, 0x000001e74f810000, 0x000001e756a40000]
CodeHeap 'non-nmethods': size=5760Kb used=1170Kb max_used=1197Kb free=4589Kb
 bounds [0x000001e756a40000, 0x000001e756cb0000, 0x000001e756fe0000]
 total_blobs=1961 nmethods=1492 adapters=382
 compilation: enabled
              stopped_count=0, restarted_count=0
 full_count=0

Compilation events (20 events):
Event: 6.949 Thread 0x000001e767d621c0 nmethod 1461 0x000001e75706ce10 code [0x000001e75706cfa0, 0x000001e75706d5b8]
Event: 6.949 Thread 0x000001e767d621c0 1487       4       java.io.ObjectOutputStream$HandleTable::insert (39 bytes)
Event: 6.949 Thread 0x000001e7629ef370 nmethod 1488 0x000001e74f7ff190 code [0x000001e74f7ff440, 0x000001e74f800198]
Event: 6.950 Thread 0x000001e7629ef370 1489       3       jdk.internal.misc.Unsafe::copyMemoryChecks (21 bytes)
Event: 6.951 Thread 0x000001e7629ef370 nmethod 1489 0x000001e74f800790 code [0x000001e74f800a40, 0x000001e74f801788]
Event: 6.951 Thread 0x000001e7629ef370 1491       3       java.io.ObjectOutputStream::writeByte (9 bytes)
Event: 6.951 Thread 0x000001e7629ef370 nmethod 1491 0x000001e74f801d10 code [0x000001e74f801ec0, 0x000001e74f802008]
Event: 6.951 Thread 0x000001e7629ef370 1490       3       java.io.ObjectStreamClass::getSuperDesc (9 bytes)
Event: 6.951 Thread 0x000001e7629ef370 nmethod 1490 0x000001e74f802110 code [0x000001e74f8022c0, 0x000001e74f802548]
Event: 6.951 Thread 0x000001e7629ef370 1493       3       com.esotericsoftware.kryo.io.Output::require (209 bytes)
Event: 6.952 Thread 0x000001e7629ef370 nmethod 1493 0x000001e74f802690 code [0x000001e74f802960, 0x000001e74f803398]
Event: 6.953 Thread 0x000001e767d621c0 nmethod 1487 0x000001e75706da10 code [0x000001e75706dba0, 0x000001e75706dea8]
Event: 6.953 Thread 0x000001e767d621c0 1394       4       java.util.Objects::checkIndex (7 bytes)
Event: 6.954 Thread 0x000001e767d621c0 nmethod 1394 0x000001e75706e110 code [0x000001e75706e280, 0x000001e75706e318]
Event: 6.954 Thread 0x000001e767d621c0 1441       4       java.io.Bits::putInt (36 bytes)
Event: 6.955 Thread 0x000001e767d621c0 nmethod 1441 0x000001e75706e410 code [0x000001e75706e580, 0x000001e75706e678]
Event: 6.955 Thread 0x000001e767d621c0 1486       4       java.lang.ref.SoftReference::get (29 bytes)
Event: 6.956 Thread 0x000001e767d621c0 nmethod 1486 0x000001e75706e790 code [0x000001e75706e900, 0x000001e75706e9f8]
Event: 6.956 Thread 0x000001e767d621c0 1492       4       java.io.ObjectOutputStream$BlockDataOutputStream::writeInt (46 bytes)
Event: 6.957 Thread 0x000001e767d621c0 nmethod 1492 0x000001e75706ea90 code [0x000001e75706ec00, 0x000001e75706ed58]

GC Heap History (2 events):
Event: 3.374 GC heap before
{Heap before GC invocations=0 (full 0):
 garbage-first heap   total 524288K, used 28672K [0x00000000e0000000, 0x0000000100000000)
  region size 1024K, 25 young (25600K), 0 survivors (0K)
 Metaspace       used 5591K, committed 5824K, reserved 1114112K
  class space    used 708K, committed 832K, reserved 1048576K
}
Event: 3.383 GC heap after
{Heap after GC invocations=1 (full 0):
 garbage-first heap   total 524288K, used 14904K [0x00000000e0000000, 0x0000000100000000)
  region size 1024K, 4 young (4096K), 4 survivors (4096K)
 Metaspace       used 5591K, committed 5824K, reserved 1114112K
  class space    used 708K, committed 832K, reserved 1048576K
}

Deoptimization events (20 events):
Event: 6.906 Thread 0x000001e767660120 Uncommon trap: trap_request=0xffffff45 fr.pc=0x000001e75703fb94 relative=0x0000000000000a74
Event: 6.906 Thread 0x000001e767660120 Uncommon trap: reason=unstable_if action=reinterpret pc=0x000001e75703fb94 method=sun.security.provider.SHA.implCompress0([BI)V @ 4 c2
Event: 6.906 Thread 0x000001e767660120 DEOPT PACKING pc=0x000001e75703fb94 sp=0x000000cb202fd120
Event: 6.906 Thread 0x000001e767660120 DEOPT UNPACKING pc=0x000001e756a923a3 sp=0x000000cb202fd090 mode 2
Event: 6.908 Thread 0x000001e767660120 Uncommon trap: trap_request=0xffffffde fr.pc=0x000001e757009c9c relative=0x000000000000019c
Event: 6.908 Thread 0x000001e767660120 Uncommon trap: reason=class_check action=maybe_recompile pc=0x000001e757009c9c method=java.lang.String.equals(Ljava/lang/Object;)Z @ 8 c2
Event: 6.908 Thread 0x000001e767660120 DEOPT PACKING pc=0x000001e757009c9c sp=0x000000cb202fd460
Event: 6.908 Thread 0x000001e767660120 DEOPT UNPACKING pc=0x000001e756a923a3 sp=0x000000cb202fd408 mode 2
Event: 6.908 Thread 0x000001e767660120 Uncommon trap: trap_request=0xffffffde fr.pc=0x000001e757009c9c relative=0x000000000000019c
Event: 6.908 Thread 0x000001e767660120 Uncommon trap: reason=class_check action=maybe_recompile pc=0x000001e757009c9c method=java.lang.String.equals(Ljava/lang/Object;)Z @ 8 c2
Event: 6.908 Thread 0x000001e767660120 DEOPT PACKING pc=0x000001e757009c9c sp=0x000000cb202fd460
Event: 6.908 Thread 0x000001e767660120 DEOPT UNPACKING pc=0x000001e756a923a3 sp=0x000000cb202fd408 mode 2
Event: 6.908 Thread 0x000001e767660120 Uncommon trap: trap_request=0xffffffde fr.pc=0x000001e757009c9c relative=0x000000000000019c
Event: 6.908 Thread 0x000001e767660120 Uncommon trap: reason=class_check action=maybe_recompile pc=0x000001e757009c9c method=java.lang.String.equals(Ljava/lang/Object;)Z @ 8 c2
Event: 6.908 Thread 0x000001e767660120 DEOPT PACKING pc=0x000001e757009c9c sp=0x000000cb202fd460
Event: 6.908 Thread 0x000001e767660120 DEOPT UNPACKING pc=0x000001e756a923a3 sp=0x000000cb202fd408 mode 2
Event: 6.908 Thread 0x000001e767660120 Uncommon trap: trap_request=0xffffffde fr.pc=0x000001e757009c9c relative=0x000000000000019c
Event: 6.908 Thread 0x000001e767660120 Uncommon trap: reason=class_check action=maybe_recompile pc=0x000001e757009c9c method=java.lang.String.equals(Ljava/lang/Object;)Z @ 8 c2
Event: 6.908 Thread 0x000001e767660120 DEOPT PACKING pc=0x000001e757009c9c sp=0x000000cb202fd460
Event: 6.908 Thread 0x000001e767660120 DEOPT UNPACKING pc=0x000001e756a923a3 sp=0x000000cb202fd408 mode 2

Classes unloaded (0 events):
No events

Classes redefined (0 events):
No events

Internal exceptions (20 events):
Event: 6.211 Thread 0x000001e745a267a0 Exception <a 'java/lang/reflect/InvocationTargetException'{0x00000000ff21fe40}> (0x00000000ff21fe40) 
thrown [s\open\src\hotspot\share\runtime\reflection.cpp, line 1121]
Event: 6.212 Thread 0x000001e745a267a0 Exception <a 'java/lang/NoClassDefFoundError'{0x00000000ff233858}: Could not initialize class io.mockk.impl.JvmMockKGateway> (0x00000000ff233858) 
thrown [s\open\src\hotspot\share\oops\instanceKlass.cpp, line 1129]
Event: 6.212 Thread 0x000001e745a267a0 Exception <a 'java/lang/reflect/InvocationTargetException'{0x00000000ff233dd0}> (0x00000000ff233dd0) 
thrown [s\open\src\hotspot\share\runtime\reflection.cpp, line 1121]
Event: 6.213 Thread 0x000001e745a267a0 Exception <a 'java/lang/NoClassDefFoundError'{0x00000000ff247788}: Could not initialize class io.mockk.impl.JvmMockKGateway> (0x00000000ff247788) 
thrown [s\open\src\hotspot\share\oops\instanceKlass.cpp, line 1129]
Event: 6.213 Thread 0x000001e745a267a0 Exception <a 'java/lang/reflect/InvocationTargetException'{0x00000000ff247d00}> (0x00000000ff247d00) 
thrown [s\open\src\hotspot\share\runtime\reflection.cpp, line 1121]
Event: 6.214 Thread 0x000001e745a267a0 Exception <a 'java/lang/NoClassDefFoundError'{0x00000000ff25b688}: Could not initialize class io.mockk.impl.JvmMockKGateway> (0x00000000ff25b688) 
thrown [s\open\src\hotspot\share\oops\instanceKlass.cpp, line 1129]
Event: 6.214 Thread 0x000001e745a267a0 Exception <a 'java/lang/reflect/InvocationTargetException'{0x00000000ff25bc00}> (0x00000000ff25bc00) 
thrown [s\open\src\hotspot\share\runtime\reflection.cpp, line 1121]
Event: 6.215 Thread 0x000001e745a267a0 Exception <a 'java/lang/NoClassDefFoundError'{0x00000000ff26f8a0}: Could not initialize class io.mockk.impl.JvmMockKGateway> (0x00000000ff26f8a0) 
thrown [s\open\src\hotspot\share\oops\instanceKlass.cpp, line 1129]
Event: 6.215 Thread 0x000001e745a267a0 Exception <a 'java/lang/reflect/InvocationTargetException'{0x00000000ff26fe18}> (0x00000000ff26fe18) 
thrown [s\open\src\hotspot\share\runtime\reflection.cpp, line 1121]
Event: 6.215 Thread 0x000001e745a267a0 Exception <a 'java/lang/NoClassDefFoundError'{0x00000000ff283850}: Could not initialize class io.mockk.impl.JvmMockKGateway> (0x00000000ff283850) 
thrown [s\open\src\hotspot\share\oops\instanceKlass.cpp, line 1129]
Event: 6.215 Thread 0x000001e745a267a0 Exception <a 'java/lang/reflect/InvocationTargetException'{0x00000000ff283dc8}> (0x00000000ff283dc8) 
thrown [s\open\src\hotspot\share\runtime\reflection.cpp, line 1121]
Event: 6.216 Thread 0x000001e745a267a0 Exception <a 'java/lang/NoClassDefFoundError'{0x00000000ff297750}: Could not initialize class io.mockk.impl.JvmMockKGateway> (0x00000000ff297750) 
thrown [s\open\src\hotspot\share\oops\instanceKlass.cpp, line 1129]
Event: 6.216 Thread 0x000001e745a267a0 Exception <a 'java/lang/reflect/InvocationTargetException'{0x00000000ff297cc8}> (0x00000000ff297cc8) 
thrown [s\open\src\hotspot\share\runtime\reflection.cpp, line 1121]
Event: 6.217 Thread 0x000001e745a267a0 Exception <a 'java/lang/NoClassDefFoundError'{0x00000000ff2ab668}: Could not initialize class io.mockk.impl.JvmMockKGateway> (0x00000000ff2ab668) 
thrown [s\open\src\hotspot\share\oops\instanceKlass.cpp, line 1129]
Event: 6.217 Thread 0x000001e745a267a0 Exception <a 'java/lang/reflect/InvocationTargetException'{0x00000000ff2abbe0}> (0x00000000ff2abbe0) 
thrown [s\open\src\hotspot\share\runtime\reflection.cpp, line 1121]
Event: 6.218 Thread 0x000001e745a267a0 Exception <a 'java/lang/NoClassDefFoundError'{0x00000000ff2bf588}: Could not initialize class io.mockk.impl.JvmMockKGateway> (0x00000000ff2bf588) 
thrown [s\open\src\hotspot\share\oops\instanceKlass.cpp, line 1129]
Event: 6.218 Thread 0x000001e745a267a0 Exception <a 'java/lang/reflect/InvocationTargetException'{0x00000000ff2bfb00}> (0x00000000ff2bfb00) 
thrown [s\open\src\hotspot\share\runtime\reflection.cpp, line 1121]
Event: 6.906 Thread 0x000001e767660120 Exception <a 'java/lang/NoSuchMethodError'{0x00000000ff1552f0}: static [Ljava/lang/StackTraceElement;.<clinit>()V> (0x00000000ff1552f0) 
thrown [s\open\src\hotspot\share\prims\jni.cpp, line 1112]
Event: 6.906 Thread 0x000001e767660120 Implicit null exception at 0x000001e75703f156 to 0x000001e75703fb78
Event: 6.917 Thread 0x000001e767660120 Exception <a 'java/lang/NoSuchMethodError'{0x00000000ff196728}: static [B.<clinit>()V> (0x00000000ff196728) 
thrown [s\open\src\hotspot\share\prims\jni.cpp, line 1112]

VM Operations (20 events):
Event: 2.352 Executing VM operation: HandshakeAllThreads
Event: 2.352 Executing VM operation: HandshakeAllThreads done
Event: 2.523 Executing VM operation: HandshakeAllThreads
Event: 2.523 Executing VM operation: HandshakeAllThreads done
Event: 3.211 Executing VM operation: HandshakeAllThreads
Event: 3.211 Executing VM operation: HandshakeAllThreads done
Event: 3.211 Executing VM operation: Cleanup
Event: 3.212 Executing VM operation: Cleanup done
Event: 3.374 Executing VM operation: G1CollectForAllocation
Event: 3.383 Executing VM operation: G1CollectForAllocation done
Event: 3.384 Executing VM operation: HandshakeAllThreads
Event: 3.384 Executing VM operation: HandshakeAllThreads done
Event: 3.385 Executing VM operation: HandshakeAllThreads
Event: 3.385 Executing VM operation: HandshakeAllThreads done
Event: 4.394 Executing VM operation: Cleanup
Event: 4.394 Executing VM operation: Cleanup done
Event: 6.408 Executing VM operation: Cleanup
Event: 6.409 Executing VM operation: Cleanup done
Event: 7.418 Executing VM operation: Cleanup
Event: 7.418 Executing VM operation: Cleanup done

Events (20 events):
Event: 6.258 loading class java/io/ObjectOutputStream$HandleTable
Event: 6.259 loading class java/io/ObjectOutputStream$HandleTable done
Event: 6.259 loading class java/io/ObjectOutputStream$ReplaceTable
Event: 6.259 loading class java/io/ObjectOutputStream$ReplaceTable done
Event: 6.261 loading class jdk/internal/reflect/UnsafeQualifiedStaticObjectFieldAccessorImpl
Event: 6.261 loading class jdk/internal/reflect/UnsafeQualifiedStaticObjectFieldAccessorImpl done
Event: 6.908 loading class java/io/UnsupportedEncodingException
Event: 6.908 loading class java/io/UnsupportedEncodingException done
Event: 6.911 loading class java/util/function/UnaryOperator
Event: 6.911 loading class java/util/function/UnaryOperator done
Event: 6.911 loading class java/io/ObjectOutputStream$PutFieldImpl
Event: 6.911 loading class java/io/ObjectOutputStream$PutField
Event: 6.911 loading class java/io/ObjectOutputStream$PutField done
Event: 6.911 loading class java/io/ObjectOutputStream$PutFieldImpl done
Event: 6.912 loading class java/util/Collections$EmptyListIterator
Event: 6.912 loading class java/util/Collections$EmptyListIterator done
Event: 6.930 Thread 0x000001e767d621c0 Thread added: 0x000001e767d621c0
Event: 6.951 Thread 0x000001e767660120 Thread exited: 0x000001e767660120
Event: 6.954 Thread 0x000001e7675e7030 Thread exited: 0x000001e7675e7030
Event: 6.954 Thread 0x000001e7675cbaf0 Thread exited: 0x000001e7675cbaf0


Dynamic libraries:
0x00007ff668280000 - 0x00007ff668290000 	C:\Program Files\Java\jdk-17\bin\java.exe
0x00007ffff6fa0000 - 0x00007ffff7206000 	C:\WINDOWS\SYSTEM32\ntdll.dll
0x00007ffff6620000 - 0x00007ffff66e9000 	C:\WINDOWS\System32\KERNEL32.DLL
0x00007ffff4580000 - 0x00007ffff497f000 	C:\WINDOWS\System32\KERNELBASE.dll
0x00007ffff1060000 - 0x00007ffff10ff000 	C:\WINDOWS\SYSTEM32\apphelp.dll
0x00007ffff42e0000 - 0x00007ffff442c000 	C:\WINDOWS\System32\ucrtbase.dll
0x00007fffdf6a0000 - 0x00007fffdf6bb000 	C:\Program Files\Java\jdk-17\bin\VCRUNTIME140.dll
0x00007fffec8c0000 - 0x00007fffec8d9000 	C:\Program Files\Java\jdk-17\bin\jli.dll
0x00007ffff6d00000 - 0x00007ffff6dbc000 	C:\WINDOWS\System32\ADVAPI32.dll
0x00007ffff5780000 - 0x00007ffff5829000 	C:\WINDOWS\System32\msvcrt.dll
0x00007ffff5910000 - 0x00007ffff59ba000 	C:\WINDOWS\System32\sechost.dll
0x00007ffff6970000 - 0x00007ffff6a88000 	C:\WINDOWS\System32\RPCRT4.dll
0x00007ffff4d80000 - 0x00007ffff4f46000 	C:\WINDOWS\System32\USER32.dll
0x00007ffff4990000 - 0x00007ffff49b7000 	C:\WINDOWS\System32\win32u.dll
0x00007fffe1db0000 - 0x00007fffe2041000 	C:\WINDOWS\WinSxS\amd64_microsoft.windows.common-controls_6595b64144ccf1df_6.0.26100.8972_none_3e0da176e32f9d4b\COMCTL32.dll
0x00007ffff4d20000 - 0x00007ffff4d4b000 	C:\WINDOWS\System32\GDI32.dll
0x00007ffff41b0000 - 0x00007ffff42d9000 	C:\WINDOWS\System32\gdi32full.dll
0x00007ffff4440000 - 0x00007ffff44e3000 	C:\WINDOWS\System32\msvcp_win.dll
0x00007fffeaab0000 - 0x00007fffeaabb000 	C:\WINDOWS\SYSTEM32\VERSION.dll
0x00007ffff4cd0000 - 0x00007ffff4d02000 	C:\WINDOWS\System32\IMM32.DLL
0x00007fffee0e0000 - 0x00007fffee0ec000 	C:\Program Files\Java\jdk-17\bin\vcruntime140_1.dll
0x00007fffd8c00000 - 0x00007fffd8c8e000 	C:\Program Files\Java\jdk-17\bin\msvcp140.dll
0x00007fff056f0000 - 0x00007fff062d0000 	C:\Program Files\Java\jdk-17\bin\server\jvm.dll
0x00007ffff6570000 - 0x00007ffff6578000 	C:\WINDOWS\System32\PSAPI.DLL
0x00007fffbfff0000 - 0x00007fffbfffa000 	C:\WINDOWS\SYSTEM32\WSOCK32.dll
0x00007fffeaa70000 - 0x00007fffeaaa6000 	C:\WINDOWS\SYSTEM32\WINMM.dll
0x00007ffff6580000 - 0x00007ffff6602000 	C:\WINDOWS\System32\WS2_32.dll
0x00007ffff2e60000 - 0x00007ffff2e7b000 	C:\WINDOWS\SYSTEM32\kernel.appcore.dll
0x00007fffe22c0000 - 0x00007fffe22ca000 	C:\Program Files\Java\jdk-17\bin\jimage.dll
0x00007fffeb110000 - 0x00007fffeb352000 	C:\WINDOWS\SYSTEM32\DBGHELP.DLL
0x00007ffff59e0000 - 0x00007ffff5d65000 	C:\WINDOWS\System32\combase.dll
0x00007ffff5830000 - 0x00007ffff5909000 	C:\WINDOWS\System32\OLEAUT32.dll
0x00007fffdbdb0000 - 0x00007fffdbdeb000 	C:\WINDOWS\SYSTEM32\dbgcore.DLL
0x00007ffff4c10000 - 0x00007ffff4cbc000 	C:\WINDOWS\System32\bcryptPrimitives.dll
0x00007fffd8bd0000 - 0x00007fffd8bf5000 	C:\Program Files\Java\jdk-17\bin\java.dll
0x00007fff8e0b0000 - 0x00007fff8e187000 	C:\Program Files\Java\jdk-17\bin\jsvml.dll
0x00007ffff5d90000 - 0x00007ffff6518000 	C:\WINDOWS\System32\SHELL32.dll
0x00007ffff1c40000 - 0x00007ffff24db000 	C:\WINDOWS\SYSTEM32\windows.storage.dll
0x00007ffff6dd0000 - 0x00007ffff6ec9000 	C:\WINDOWS\System32\SHCORE.dll
0x00007ffff6b20000 - 0x00007ffff6b86000 	C:\WINDOWS\System32\shlwapi.dll
0x00007ffff40d0000 - 0x00007ffff40f9000 	C:\WINDOWS\SYSTEM32\profapi.dll
0x00007fffdd9d0000 - 0x00007fffdd9e9000 	C:\Program Files\Java\jdk-17\bin\net.dll
0x00007fffedca0000 - 0x00007fffeddc8000 	C:\WINDOWS\SYSTEM32\WINHTTP.dll
0x00007ffff33f0000 - 0x00007ffff345c000 	C:\WINDOWS\system32\mswsock.dll
0x00007fffdbf90000 - 0x00007fffdbfa6000 	C:\Program Files\Java\jdk-17\bin\nio.dll
0x00007fffdda00000 - 0x00007fffdda18000 	C:\Program Files\Java\jdk-17\bin\zip.dll
0x00007fffda750000 - 0x00007fffda760000 	C:\Program Files\Java\jdk-17\bin\verify.dll
0x00007fffd8bb0000 - 0x00007fffd8bbe000 	C:\Program Files\Java\jdk-17\bin\sunmscapi.dll
0x00007ffff4a80000 - 0x00007ffff4bfe000 	C:\WINDOWS\System32\CRYPT32.dll
0x00007ffff3980000 - 0x00007ffff39b0000 	C:\WINDOWS\SYSTEM32\ncrypt.dll
0x00007ffff3930000 - 0x00007ffff396f000 	C:\WINDOWS\SYSTEM32\NTASN1.dll
0x00007fffc2930000 - 0x00007fffc2938000 	C:\WINDOWS\system32\wshunix.dll
0x00007ffff3810000 - 0x00007ffff382b000 	C:\WINDOWS\SYSTEM32\CRYPTSP.dll
0x00007ffff2dc0000 - 0x00007ffff2df9000 	C:\WINDOWS\system32\rsaenh.dll
0x00007ffff34a0000 - 0x00007ffff34d2000 	C:\WINDOWS\SYSTEM32\USERENV.dll
0x00007ffff40a0000 - 0x00007ffff40ca000 	C:\WINDOWS\SYSTEM32\bcrypt.dll
0x00007ffff3650000 - 0x00007ffff365c000 	C:\WINDOWS\SYSTEM32\CRYPTBASE.dll
0x00007ffff2810000 - 0x00007ffff2843000 	C:\WINDOWS\SYSTEM32\IPHLPAPI.DLL
0x00007ffff4d10000 - 0x00007ffff4d1a000 	C:\WINDOWS\System32\NSI.dll
0x00007fffed930000 - 0x00007fffed94d000 	C:\WINDOWS\SYSTEM32\dhcpcsvc6.DLL
0x00007fffed840000 - 0x00007fffed865000 	C:\WINDOWS\SYSTEM32\dhcpcsvc.DLL
0x00007ffff2850000 - 0x00007ffff29a8000 	C:\WINDOWS\SYSTEM32\DNSAPI.dll
0x00007ffff31f0000 - 0x00007ffff31fd000 	C:\WINDOWS\SYSTEM32\DSPARSE.dll

dbghelp: loaded successfully - version: 4.0.5 - missing functions: none
symbol engine: initialized successfully - sym options: 0x614 - pdb path: .;C:\Program Files\Java\jdk-17\bin;C:\WINDOWS\SYSTEM32;C:\WINDOWS\WinSxS\amd64_microsoft.windows.common-controls_6595b64144ccf1df_6.0.26100.8972_none_3e0da176e32f9d4b;C:\Program Files\Java\jdk-17\bin\server

VM Arguments:
jvm_args: -Djava.awt.headless=true -Djava.library.path=C:\Program Files\Java\jdk-17\bin;C:\WINDOWS\Sun\Java\bin;C:\WINDOWS\system32;C:\WINDOWS;C:\Program Files\Python39\Scripts\;C:\Program Files\Python39\;C:\Program Files\Common Files\Oracle\Java\javapath;C:\Program Files\ImageMagick-7.1.2-Q16-HDRI;C:\WINDOWS\system32;C:\WINDOWS;C:\WINDOWS\System32\Wbem;C:\WINDOWS\System32\WindowsPowerShell\v1.0\;C:\WINDOWS\System32\OpenSSH\;F:\scripts\curl-8.14.1_2-win64-mingw\bin;C:\php;C:\Users\sysqo\AppData\Local\nvm;C:\nvm4w\nodejs;C:\Program Files\Git\cmd;C:\Program Files\dotnet\;C:\Program Files (x86)\Google\Cloud SDK\google-cloud-sdk\bin;C:\Program Files\WinGet\Links;C:\Program Files\edl;C:\Program Files\Amazon\AWSCLIV2\;C:\Program Files\Docker\Docker\resources\bin;C:\Program Files\PowerShell\7\;C:\Users\sysqo\.local\bin;C:\Users\sysqo\AppData\Local\Programs\Python\Python313\Scripts\;C:\Users\sysqo\AppData\Local\Programs\Python\Python313\;C:\Users\sysqo\AppData\Local\Microsoft\WindowsApps;C:\Users\sysqo\AppData\Roaming\Composer\vendor\bin;C:\Users\sysqo\AppData\Local\Programs\Microsoft VS Code\bin;C:\Users\sysqo\.dotnet\tools;C:\Users\sysqo\AppData\Local\Google\Cloud SDK\google-cloud-sdk\bin;C:\Users\sysqo\AppData\Local\Programs\Ollama;.;D:\D backup\My Documents\projects\pantry-organiser\app-ingestion\src\testRelease\jniLibs;D:\D backup\My Documents\projects\pantry-organiser\app-ingestion\src\test\jniLibs -Dorg.gradle.internal.worker.tmpdir=D:\D backup\My Documents\projects\pantry-organiser\app-ingestion\build\tmp\testReleaseUnitTest\work --add-opens=java.base/java.io=ALL-UNNAMED -Xmx512m -Dfile.encoding=UTF-8 -Duser.country=US -Duser.language=en -Duser.variant -ea 
java_command: worker.org.gradle.process.internal.worker.GradleWorkerMain 'Gradle Test Executor 24'
java_class_path (initial): D:\D backup\My Documents\projects\pantry-organiser\gradle\caches\8.9\workerMain\gradle-worker.jar;D:\D backup\My Documents\projects\pantry-organiser\app-ingestion\build\intermediates\classes\releaseUnitTest\transformReleaseUnitTestClassesWithAsm\dirs;D:\D backup\My Documents\projects\pantry-organiser\app-ingestion\build\intermediates\java_res\releaseUnitTest\processReleaseUnitTestJavaRes\out;D:\D backup\My Documents\projects\pantry-organiser\app-ingestion\build\intermediates\runtime_app_classes_jar\release\bundleReleaseClassesToRuntimeJar\classes.jar;D:\D backup\My Documents\projects\pantry-organiser\gradle\caches\8.9\transforms\49790b908ce5a5b19927501ea6f55c5c\transformed\jetified-mockk-jvm-1.13.12.jar;D:\D backup\My Documents\projects\pantry-organiser\gradle\caches\8.9\transforms\ecb9b075c6a9573a1eca0462356d2223\transformed\jetified-junit-4.13.2.jar;D:\D backup\My Documents\projects\pantry-organiser\gradle\caches\8.9\transforms\00feea734f8c82ed262cbf78b9cb097b\transformed\jetified-Turbine-jvm.jar;D:\D backup\My Documents\projects\pantry-organiser\gradle\caches\8.9\transforms\18e541f5697744b2c2b579f9a5ce087f\transformed\jetified-kotlinx-coroutines-test-jvm-1.8.1.jar;D:\D backup\My Documents\projects\pantry-organiser\gradle\caches\8.9\transforms\50ef1823b53ec700cab3265bdc7c5bd5\transformed\jetified-camera-video-1.4.1-runtime.jar;D:\D backup\My Documents\projects\pantry-organiser\gradle\caches\8.9\transforms\7313df8727bc872468f93d329e636632\transformed\jetified-camera-view-1.4.1-runtime.jar;D:\D backup\My Documents\projects\pantry-organiser\gradle\caches\8.9\transforms\bd3db972be140ead8f00d59fe815ef38\transformed\jetified-camera-lifecycle-1.4.1-runtime.jar;D:\D backup\My Documents\projects\pantry-organiser\gradle\caches\8.9\transforms\df7375ea5128080ac3d37df54e9075b3\transformed\jetified-camera-camera2-1.4.1-runtime.jar;D:\D backup\My Documents\projects\pantry-organiser\gradle\caches\8.9\transforms\f38fa01b415859af4a65bdb741abdbfd\transfo
Launcher Type: SUN_STANDARD

[Global flags]
     intx CICompilerCount                          = 4                                         {product} {ergonomic}
     uint ConcGCThreads                            = 3                                         {product} {ergonomic}
     uint G1ConcRefinementThreads                  = 10                                        {product} {ergonomic}
   size_t G1HeapRegionSize                         = 1048576                                   {product} {ergonomic}
    uintx GCDrainStackTargetSize                   = 64                                        {product} {ergonomic}
   size_t InitialHeapSize                          = 536870912                                 {product} {ergonomic}
   size_t MarkStackSize                            = 4194304                                   {product} {ergonomic}
   size_t MaxHeapSize                              = 536870912                                 {product} {command line}
   size_t MaxNewSize                               = 321912832                                 {product} {ergonomic}
   size_t MinHeapDeltaBytes                        = 1048576                                   {product} {ergonomic}
   size_t MinHeapSize                              = 8388608                                   {product} {ergonomic}
    uintx NonNMethodCodeHeapSize                   = 5839372                                {pd product} {ergonomic}
    uintx NonProfiledCodeHeapSize                  = 122909434                              {pd product} {ergonomic}
    uintx ProfiledCodeHeapSize                     = 122909434                              {pd product} {ergonomic}
    uintx ReservedCodeCacheSize                    = 251658240                              {pd product} {ergonomic}
     bool SegmentedCodeCache                       = true                                      {product} {ergonomic}
   size_t SoftMaxHeapSize                          = 536870912                              {manageable} {ergonomic}
     bool UseCompressedClassPointers               = true                           {product lp64_product} {ergonomic}
     bool UseCompressedOops                        = true                           {product lp64_product} {ergonomic}
     bool UseG1GC                                  = true                                      {product} {ergonomic}
     bool UseLargePagesIndividualAllocation        = false                                  {pd product} {ergonomic}

Logging:
Log output configuration:
 #0: stdout all=warning uptime,level,tags
 #1: stderr all=off uptime,level,tags

Environment Variables:
PATH=C:\Program Files\Python39\Scripts\;C:\Program Files\Python39\;C:\Program Files\Common Files\Oracle\Java\javapath;C:\Program Files\ImageMagick-7.1.2-Q16-HDRI;C:\WINDOWS\system32;C:\WINDOWS;C:\WINDOWS\System32\Wbem;C:\WINDOWS\System32\WindowsPowerShell\v1.0\;C:\WINDOWS\System32\OpenSSH\;F:\scripts\curl-8.14.1_2-win64-mingw\bin;C:\php;C:\Users\sysqo\AppData\Local\nvm;C:\nvm4w\nodejs;C:\Program Files\Git\cmd;C:\Program Files\dotnet\;C:\Program Files (x86)\Google\Cloud SDK\google-cloud-sdk\bin;C:\Program Files\WinGet\Links;C:\Program Files\edl;C:\Program Files\Amazon\AWSCLIV2\;C:\Program Files\Docker\Docker\resources\bin;C:\Program Files\PowerShell\7\;C:\Users\sysqo\.local\bin;C:\Users\sysqo\AppData\Local\Programs\Python\Python313\Scripts\;C:\Users\sysqo\AppData\Local\Programs\Python\Python313\;C:\Users\sysqo\AppData\Local\Microsoft\WindowsApps;C:\Users\sysqo\AppData\Roaming\Composer\vendor\bin;C:\Users\sysqo\AppData\Local\Programs\Microsoft VS Code\bin;C:\Users\sysqo\.dotnet\tools;C:\Users\sysqo\AppData\Local\Google\Cloud SDK\google-cloud-sdk\bin;C:\Users\sysqo\AppData\Local\Programs\Ollama
USERNAME=sysqo
OS=Windows_NT
PROCESSOR_IDENTIFIER=AMD64 Family 23 Model 8 Stepping 2, AuthenticAMD



---------------  S Y S T E M  ---------------

OS:
 Windows 11 , 64 bit Build 26100 (10.0.26100.9168)
OS uptime: 21 days 9:51 hours
Hyper-V role detected

CPU: total 12 (initial active 12) (12 cores per cpu, 2 threads per core) family 23 model 8 stepping 2 microcode 0x800820d, cx8, cmov, fxsr, ht, mmx, 3dnowpref, sse, sse2, sse3, ssse3, sse4a, sse4.1, sse4.2, popcnt, lzcnt, tsc, tscinvbit, avx, avx2, aes, clmul, bmi1, bmi2, adx, sha, fma, vzeroupper, clflush, clflushopt, hv

Memory: 4k page, system-wide physical 32704M (6119M free)
TotalPageFile size 40896M (AvailPageFile size 24M)
current process WorkingSet (physical memory assigned to process): 115M, peak: 115M
current process commit charge ("private bytes"): 649M, peak: 651M

vm_info: Java HotSpot(TM) 64-Bit Server VM (17.0.12+8-LTS-286) for windows-amd64 JRE (17.0.12+8-LTS-286), built on Jun  5 2024 06:46:59 by "mach5one" with MS VC++ 17.6 (VS2022)

END.
